LSOA_Code,LSOA_Name,Local_Authority,WIMD_2019_Rank,WIMD_2019_Decile,Income_Rank,Education_Rank,Health_Rank,Access_Services_Rank
W00000001,Cardiff 001,Cardiff,698,4,450,784,1078,387
W00000002,Cardiff 002,Cardiff,406,3,1068,837,321,760
W00000003,Cardiff 003,Cardiff,314,2,332,606,1,1
W00000004,Cardiff 004,Cardiff,275,2,135,638,154,1
W00000005,Cardiff 005,Cardiff,1086,6,418,529,1,238
W00000006,Cardiff 006,Cardiff,544,3,85,665,271,359
W00000007,Cardiff 007,Cardiff,259,2,1166,494,98,894
W00000008,Cardiff 008,Cardiff,11,1,575,1,1,594
W00000009,Cardiff 009,Cardiff,795,5,561,449,385,1
W00000010,Cardiff 010,Cardiff,212,2,334,965,630,1
W00000011,Cardiff 011,Cardiff,629,4,361,202,732,994
W00000012,Cardiff 012,Cardiff,872,5,197,363,625,968
W00000013,Cardiff 013,Cardiff,308,2,433,13,45,890
W00000014,Cardiff 014,Cardiff,1042,6,474,941,637,190
W00000015,Cardiff 015,Cardiff,644,4,1053,484,1094,1
W00000016,Cardiff 016,Cardiff,828,5,531,368,534,1
W00000017,Cardiff 017,Cardiff,412,3,628,1150,303,111
W00000018,Cardiff 018,Cardiff,299,2,829,644,298,746
W00000019,Cardiff 019,Cardiff,538,3,848,191,375,311
W00000020,Cardiff 020,Cardiff,1,1,606,614,501,387
W00000021,Cardiff 021,Cardiff,1,1,348,349,195,422
W00000022,Cardiff 022,Cardiff,661,4,1179,576,597,464
W00000023,Cardiff 023,Cardiff,1,1,490,526,1436,407
W00000024,Cardiff 024,Cardiff,620,4,487,1,934,860
W00000025,Cardiff 025,Cardiff,816,5,172,1117,1,781
W00000026,Cardiff 026,Cardiff,1376,8,143,250,537,258
W00000027,Cardiff 027,Cardiff,1,1,524,32,679,58
W00000028,Cardiff 028,Cardiff,1119,6,218,358,809,1
W00000029,Cardiff 029,Cardiff,590,4,970,1,570,624
W00000030,Cardiff 030,Cardiff,812,5,54,1,698,642
W00000031,Cardiff 031,Cardiff,600,4,624,200,588,640
W00000032,Cardiff 032,Cardiff,214,2,1171,708,47,815
W00000033,Cardiff 033,Cardiff,110,1,783,1009,188,962
W00000034,Cardiff 034,Cardiff,665,4,795,1334,406,138
W00000035,Cardiff 035,Cardiff,144,1,206,466,629,632
W00000036,Cardiff 036,Cardiff,830,5,504,1139,399,1805
W00000037,Cardiff 037,Cardiff,750,4,191,28,683,392
W00000038,Cardiff 038,Cardiff,785,5,670,467,178,1
W00000039,Cardiff 039,Cardiff,321,2,808,594,26,583
W00000040,Cardiff 040,Cardiff,654,4,181,567,522,1
W00000041,Cardiff 041,Cardiff,643,4,701,976,900,1
W00000042,Cardiff 042,Cardiff,124,1,685,726,695,1909
W00000043,Cardiff 043,Cardiff,728,4,908,919,747,348
W00000044,Cardiff 044,Cardiff,803,5,221,395,315,539
W00000045,Cardiff 045,Cardiff,1425,8,1,801,1,273
W00000046,Cardiff 046,Cardiff,935,5,523,25,228,826
W00000047,Cardiff 047,Cardiff,207,2,577,520,252,1529
W00000048,Cardiff 048,Cardiff,753,4,1,582,248,909
W00000049,Cardiff 049,Cardiff,182,1,458,722,828,1
W00000050,Cardiff 050,Cardiff,366,2,329,212,1170,694
W00000051,Cardiff 051,Cardiff,1,1,830,1433,892,1
W00000052,Cardiff 052,Cardiff,306,2,956,188,668,871
W00000053,Cardiff 053,Cardiff,129,1,478,1,110,378
W00000054,Cardiff 054,Cardiff,1,1,1087,1,332,562
W00000055,Cardiff 055,Cardiff,1076,6,1,1011,503,28
W00000056,Cardiff 056,Cardiff,684,4,571,235,526,315
W00000057,Cardiff 057,Cardiff,545,3,738,1197,29,1523
W00000058,Cardiff 058,Cardiff,1,1,445,758,606,201
W00000059,Cardiff 059,Cardiff,416,3,322,240,822,671
W00000060,Cardiff 060,Cardiff,222,2,823,635,808,802
W00000061,Cardiff 061,Cardiff,168,1,298,828,731,489
W00000062,Cardiff 062,Cardiff,546,3,959,239,707,402
W00000063,Cardiff 063,Cardiff,412,3,895,863,809,1126
W00000064,Cardiff 064,Cardiff,508,3,745,363,623,437
W00000065,Cardiff 065,Cardiff,538,3,714,139,1295,17
W00000066,Cardiff 066,Cardiff,14,1,916,848,737,801
W00000067,Cardiff 067,Cardiff,495,3,176,533,242,968
W00000068,Cardiff 068,Cardiff,441,3,202,358,656,229
W00000069,Cardiff 069,Cardiff,171,1,587,607,307,273
W00000070,Cardiff 070,Cardiff,592,4,1,1,226,397
W00000071,Cardiff 071,Cardiff,624,4,1031,877,439,490
W00000072,Cardiff 072,Cardiff,98,1,493,372,622,102
W00000073,Cardiff 073,Cardiff,707,4,1051,452,652,831
W00000074,Cardiff 074,Cardiff,339,2,580,505,537,128
W00000075,Cardiff 075,Cardiff,509,3,679,1138,864,1533
W00000076,Cardiff 076,Cardiff,193,2,814,580,1332,112
W00000077,Cardiff 077,Cardiff,164,1,284,1,300,135
W00000078,Cardiff 078,Cardiff,560,3,623,1325,861,223
W00000079,Cardiff 079,Cardiff,140,1,677,1,1195,1066
W00000080,Cardiff 080,Cardiff,312,2,1,1095,456,1094
W00000081,Cardiff 081,Cardiff,1,1,284,502,517,283
W00000082,Cardiff 082,Cardiff,749,4,115,437,545,746
W00000083,Cardiff 083,Cardiff,784,5,95,1,985,659
W00000084,Cardiff 084,Cardiff,200,2,1058,550,948,532
W00000085,Cardiff 085,Cardiff,1324,7,1131,390,869,809
W00000086,Cardiff 086,Cardiff,1047,6,152,801,902,1
W00000087,Cardiff 087,Cardiff,26,1,1,381,772,1221
W00000088,Cardiff 088,Cardiff,529,3,1086,1,1,473
W00000089,Cardiff 089,Cardiff,653,4,488,1,466,1
W00000090,Cardiff 090,Cardiff,767,5,631,86,304,1
W00000091,Cardiff 091,Cardiff,474,3,843,66,691,245
W00000092,Cardiff 092,Cardiff,182,1,461,44,289,1
W00000093,Cardiff 093,Cardiff,1285,7,512,192,581,446
W00000094,Cardiff 094,Cardiff,411,3,721,833,298,223
W00000095,Cardiff 095,Cardiff,389,3,1,1,1019,1289
W00000096,Cardiff 096,Cardiff,400,3,707,636,1669,1037
W00000097,Cardiff 097,Cardiff,448,3,156,1,577,136
W00000098,Cardiff 098,Cardiff,1,1,267,24,1141,923
W00000099,Cardiff 099,Cardiff,496,3,1032,534,172,1231
W00000100,Cardiff 100,Cardiff,715,4,126,416,167,1
W00000101,Cardiff 101,Cardiff,870,5,1187,1,713,187
W00000102,Cardiff 102,Cardiff,305,2,286,119,518,101
W00000103,Cardiff 103,Cardiff,608,4,481,394,155,223
W00000104,Swansea 001,Swansea,887,5,771,191,635,942
W00000105,Swansea 002,Swansea,1,1,785,323,805,251
W00000106,Swansea 003,Swansea,1,1,43,620,693,187
W00000107,Swansea 004,Swansea,842,5,31,572,162,302
W00000108,Swansea 005,Swansea,618,4,305,439,963,336
W00000109,Swansea 006,Swansea,917,5,213,821,1120,1
W00000110,Swansea 007,Swansea,297,2,797,515,733,324
W00000111,Swansea 008,Swansea,632,4,546,1088,691,753
W00000112,Swansea 009,Swansea,443,3,433,419,742,408
W00000113,Swansea 010,Swansea,710,4,1309,964,482,1147
W00000114,Swansea 011,Swansea,444,3,1,178,1,439
W00000115,Swansea 012,Swansea,606,4,1173,736,520,978
W00000116,Swansea 013,Swansea,1,1,680,922,66,1121
W00000117,Swansea 014,Swansea,728,4,457,864,1419,682
W00000118,Swansea 015,Swansea,694,4,442,244,899,209
W00000119,Swansea 016,Swansea,627,4,436,800,720,1073
W00000120,Swansea 017,Swansea,406,3,507,190,439,772
W00000121,Swansea 018,Swansea,887,5,284,963,1089,788
W00000122,Swansea 019,Swansea,1313,7,335,79,1,1282
W00000123,Swansea 020,Swansea,848,5,580,717,193,1715
W00000124,Swansea 021,Swansea,649,4,637,903,773,702
W00000125,Swansea 022,Swansea,299,2,761,1386,1085,1326
W00000126,Swansea 023,Swansea,405,3,261,547,620,1098
W00000127,Swansea 024,Swansea,1,1,1123,533,445,138
W00000128,Swansea 025,Swansea,1,1,881,630,134,9
W00000129,Swansea 026,Swansea,472,3,1170,491,57,487
W00000130,Swansea 027,Swansea,496,3,1,577,516,917
W00000131,Swansea 028,Swansea,1302,7,985,487,200,1773
W00000132,Swansea 029,Swansea,622,4,604,589,671,534
W00000133,Swansea 030,Swansea,382,3,412,586,403,274
W00000134,Swansea 031,Swansea,640,4,512,1228,1,1097
W00000135,Swansea 032,Swansea,1073,6,1,456,465,1
W00000136,Swansea 033,Swansea,304,2,220,1332,937,1179
W00000137,Swansea 034,Swansea,874,5,213,380,776,42
W00000138,Swansea 035,Swansea,870,5,517,443,856,802
W00000139,Swansea 036,Swansea,462,3,996,148,822,870
W00000140,Swansea 037,Swansea,482,3,711,77,933,515
W00000141,Swansea 038,Swansea,401,3,958,305,91,1
W00000142,Swansea 039,Swansea,830,5,162,1333,1,1373
W00000143,Swansea 040,Swansea,680,4,566,372,744,582
W00000144,Swansea 041,Swansea,1019,6,639,662,468,574
W00000145,Swansea 042,Swansea,716,4,15,36,868,677
W00000146,Swansea 043,Swansea,530,3,606,745,405,245
W00000147,Swansea 044,Swansea,674,4,265,770,1,1069
W00000148,Swansea 045,Swansea,779,5,687,1010,1201,1062
W00000149,Swansea 046,Swansea,1,1,162,338,609,836
W00000150,Swansea 047,Swansea,324,2,663,284,379,1
W00000151,Swansea 048,Swansea,249,2,137,192,980,167
W00000152,Swansea 049,Swansea,1600,9,768,677,290,919
W00000153,Swansea 050,Swansea,381,2,641,1670,565,1124
W00000154,Swansea 051,Swansea,332,2,588,1340,373,1426
W00000155,Swansea 052,Swansea,868,5,407,864,951,883
W00000156,Swansea 053,Swansea,3,1,351,496,573,883
W00000157,Swansea 054,Swansea,667,4,143,758,820,855
W00000158,Swansea 055,Swansea,1010,6,885,791,574,1
W00000159,Swansea 056,Swansea,763,4,671,713,139,107
W00000160,Swansea 057,Swansea,1000,6,586,884,610,613
W00000161,Swansea 058,Swansea,956,6,423,640,433,401
W00000162,Swansea 059,Swansea,482,3,675,399,1053,192
W00000163,Swansea 060,Swansea,528,3,449,1204,670,1070
W00000164,Swansea 061,Swansea,35,1,691,971,629,1085
W00000165,Swansea 062,Swansea,403,3,1081,1560,469,396
W00000166,Swansea 063,Swansea,1152,7,1140,381,448,471
W00000167,Swansea 064,Swansea,89,1,285,180,322,584
W00000168,Swansea 065,Swansea,689,4,1130,182,955,502
W00000169,Swansea 066,Swansea,581,4,830,130,738,675
W00000170,Swansea 067,Swansea,787,5,698,1626,369,357
W00000171,Swansea 068,Swansea,363,2,410,333,1029,1247
W00000172,Swansea 069,Swansea,383,3,315,797,400,888
W00000173,Swansea 070,Swansea,677,4,81,1246,1248,320
W00000174,Swansea 071,Swansea,452,3,697,739,837,1516
W00000175,Swansea 072,Swansea,532,3,326,23,336,584
W00000176,Swansea 073,Swansea,1281,7,422,693,594,1141
W00000177,Swansea 074,Swansea,1560,9,418,395,976,910
W00000178,Swansea 075,Swansea,1301,7,799,449,813,1105
W00000179,Swansea 076,Swansea,911,5,773,1045,1022,1230
W00000180,Swansea 077,Swansea,846,5,542,661,1035,227
W00000181,Swansea 078,Swansea,740,4,465,612,1061,687
W00000182,Swansea 079,Swansea,617,4,134,911,833,1586
W00000183,Swansea 080,Swansea,483,3,674,704,1169,556
W00000184,Swansea 081,Swansea,706,4,807,678,438,688
W00000185,Swansea 082,Swansea,1007,6,248,655,347,1144
W00000186,Newport 001,Newport,121,1,508,857,1265,670
W00000187,Newport 002,Newport,489,3,1343,94,1,900
W00000188,Newport 003,Newport,509,3,350,996,788,442
W00000189,Newport 004,Newport,213,2,998,971,664,1542
W00000190,Newport 005,Newport,293,2,178,410,683,810
W00000191,Newport 006,Newport,608,4,820,176,1221,662
W00000192,Newport 007,Newport,1124,6,817,890,905,904
W00000193,Newport 008,Newport,944,5,1154,782,955,659
W00000194,Newport 009,Newport,1247,7,468,1452,685,47
W00000195,Newport 010,Newport,748,4,467,1051,464,496
W00000196,Newport 011,Newport,1,1,545,1,128,1046
W00000197,Newport 012,Newport,998,6,845,295,682,698
W00000198,Newport 013,Newport,259,2,1214,1066,620,712
W00000199,Newport 014,Newport,779,5,1,596,453,243
W00000200,Newport 015,Newport,593,4,1314,967,493,961
W00000201,Newport 016,Newport,1231,7,1016,724,466,1018
W00000202,Newport 017,Newport,849,5,1006,965,1078,455
W00000203,Newport 018,Newport,1200,7,767,1567,451,1491
W00000204,Newport 019,Newport,775,5,477,497,584,893
W00000205,Newport 020,Newport,898,5,503,689,1473,1487
W00000206,Newport 021,Newport,865,5,712,750,921,233
W00000207,Newport 022,Newport,602,4,129,866,933,479
W00000208,Newport 023,Newport,1298,7,280,87,781,1177
W00000209,Newport 024,Newport,1339,8,543,1150,686,621
W00000210,Newport 025,Newport,1035,6,923,41,1233,1329
W00000211,Newport 026,Newport,462,3,835,906,794,449
W00000212,Newport 027,Newport,444,3,691,1190,896,530
W00000213,Newport 028,Newport,993,6,1,1180,71,534
W00000214,Newport 029,Newport,274,2,257,1185,531,858
W00000215,Newport 030,Newport,682,4,863,732,236,1154
W00000216,Newport 031,Newport,512,3,167,521,1241,1087
W00000217,Newport 032,Newport,567,3,580,565,1449,874
W00000218,Newport 033,Newport,863,5,1052,799,606,610
W00000219,Newport 034,Newport,672,4,687,1004,718,1034
W00000220,Newport 035,Newport,669,4,726,1,1030,857
W00000221,Newport 036,Newport,1079,6,1,1572,649,1205
W00000222,Newport 037,Newport,304,2,909,259,474,1572
W00000223,Newport 038,Newport,627,4,774,1063,878,768
W00000224,Newport 039,Newport,838,5,1521,675,772,1179
W00000225,Newport 040,Newport,1120,6,1105,966,287,1444
W00000226,Newport 041,Newport,264,2,803,384,676,849
W00000227,Newport 042,Newport,822,5,844,1374,863,588
W00000228,Newport 043,Newport,1066,6,1106,186,915,1019
W00000229,Newport 044,Newport,586,4,1170,637,745,621
W00000230,Newport 045,Newport,705,4,325,98,1275,313
W00000231,Newport 046,Newport,323,2,1,432,222,1448
W00000232,Newport 047,Newport,1083,6,464,1641,1054,551
W00000233,Newport 048,Newport,1,1,1483,119,106,1166
W00000234,Newport 049,Newport,1627,9,1173,935,914,1089
W00000235,Newport 050,Newport,988,6,796,743,677,356
W00000236,Newport 051,Newport,593,4,121,658,343,196
W00000237,Newport 052,Newport,768,5,1176,1083,133,248
W00000238,Newport 053,Newport,1057,6,363,606,898,258
W00000239,Newport 054,Newport,740,4,243,448,815,1
W00000240,Rhondda Cynon Taf 001,Rhondda Cynon Taf,554,3,393,612,474,972
W00000241,Rhondda Cynon Taf 002,Rhondda Cynon Taf,443,3,264,447,580,420
W00000242,Rhondda Cynon Taf 003,Rhondda Cynon Taf,414,3,178,144,1,1134
W00000243,Rhondda Cynon Taf 004,Rhondda Cynon Taf,1,1,181,123,697,276
W00000244,Rhondda Cynon Taf 005,Rhondda Cynon Taf,836,5,187,507,122,1300
W00000245,Rhondda Cynon Taf 006,Rhondda Cynon Taf,1,1,497,644,537,322
W00000246,Rhondda Cynon Taf 007,Rhondda Cynon Taf,354,2,413,343,720,1328
W00000247,Rhondda Cynon Taf 008,Rhondda Cynon Taf,204,2,1,366,1257,62
W00000248,Rhondda Cynon Taf 009,Rhondda Cynon Taf,973,6,928,186,589,1083
W00000249,Rhondda Cynon Taf 010,Rhondda Cynon Taf,267,2,335,176,62,127
W00000250,Rhondda Cynon Taf 011,Rhondda Cynon Taf,1,1,410,103,477,1
W00000251,Rhondda Cynon Taf 012,Rhondda Cynon Taf,515,3,662,1,524,915
W00000252,Rhondda Cynon Taf 013,Rhondda Cynon Taf,1,1,926,561,165,376
W00000253,Rhondda Cynon Taf 014,Rhondda Cynon Taf,595,4,423,607,93,471
W00000254,Rhondda Cynon Taf 015,Rhondda Cynon Taf,1,1,364,51,155,919
W00000255,Rhondda Cynon Taf 016,Rhondda Cynon Taf,781,5,591,1,294,909
W00000256,Rhondda Cynon Taf 017,Rhondda Cynon Taf,449,3,1130,551,463,270
W00000257,Rhondda Cynon Taf 018,Rhondda Cynon Taf,446,3,351,672,718,69
W00000258,Rhondda Cynon Taf 019,Rhondda Cynon Taf,1,1,1,595,33,1
W00000259,Rhondda Cynon Taf 020,Rhondda Cynon Taf,536,3,1185,397,678,434
W00000260,Rhondda Cynon Taf 021,Rhondda Cynon Taf,365,2,689,288,488,535
W00000261,Rhondda Cynon Taf 022,Rhondda Cynon Taf,166,1,712,332,148,625
W00000262,Rhondda Cynon Taf 023,Rhondda Cynon Taf,85,1,408,396,761,599
W00000263,Rhondda Cynon Taf 024,Rhondda Cynon Taf,391,3,657,935,585,404
W00000264,Rhondda Cynon Taf 025,Rhondda Cynon Taf,1,1,64,282,197,321
W00000265,Rhondda Cynon Taf 026,Rhondda Cynon Taf,419,3,566,372,561,427
W00000266,Rhondda Cynon Taf 027,Rhondda Cynon Taf,1,1,104,344,1,651
W00000267,Rhondda Cynon Taf 028,Rhondda Cynon Taf,935,5,783,317,895,462
W00000268,Rhondda Cynon Taf 029,Rhondda Cynon Taf,282,2,206,283,270,471
W00000269,Rhondda Cynon Taf 030,Rhondda Cynon Taf,456,3,400,568,795,798
W00000270,Rhondda Cynon Taf 031,Rhondda Cynon Taf,1,1,1,759,1,305
W00000271,Rhondda Cynon Taf 032,Rhondda Cynon Taf,1,1,1,608,652,157
W00000272,Rhondda Cynon Taf 033,Rhondda Cynon Taf,1,1,227,550,1,477
W00000273,Rhondda Cynon Taf 034,Rhondda Cynon Taf,394,3,582,446,76,902
W00000274,Rhondda Cynon Taf 035,Rhondda Cynon Taf,344,2,391,40,252,28
W00000275,Rhondda Cynon Taf 036,Rhondda Cynon Taf,339,2,939,1,1,1017
W00000276,Rhondda Cynon Taf 037,Rhondda Cynon Taf,326,2,189,800,198,1166
W00000277,Rhondda Cynon Taf 038,Rhondda Cynon Taf,637,4,246,1230,198,711
W00000278,Rhondda Cynon Taf 039,Rhondda Cynon Taf,504,3,810,1001,410,83
W00000279,Rhondda Cynon Taf 040,Rhondda Cynon Taf,560,3,186,1175,445,246
W00000280,Rhondda Cynon Taf 041,Rhondda Cynon Taf,464,3,1,25,799,124
W00000281,Rhondda Cynon Taf 042,Rhondda Cynon Taf,33,1,569,856,639,818
W00000282,Rhondda Cynon Taf 043,Rhondda Cynon Taf,135,1,1,978,292,294
W00000283,Rhondda Cynon Taf 044,Rhondda Cynon Taf,864,5,575,575,1119,129
W00000284,Rhondda Cynon Taf 045,Rhondda Cynon Taf,724,4,417,503,908,613
W00000285,Rhondda Cynon Taf 046,Rhondda Cynon Taf,588,4,737,259,120,1
W00000286,Rhondda Cynon Taf 047,Rhondda Cynon Taf,1,1,1047,1,326,283
W00000287,Rhondda Cynon Taf 048,Rhondda Cynon Taf,507,3,656,731,206,329
W00000288,Rhondda Cynon Taf 049,Rhondda Cynon Taf,498,3,321,1018,563,708
W00000289,Rhondda Cynon Taf 050,Rhondda Cynon Taf,632,4,769,469,1,567
W00000290,Rhondda Cynon Taf 051,Rhondda Cynon Taf,172,1,233,625,811,408
W00000291,Rhondda Cynon Taf 052,Rhondda Cynon Taf,508,3,936,492,1265,637
W00000292,Rhondda Cynon Taf 053,Rhondda Cynon Taf,1,1,637,546,828,682
W00000293,Rhondda Cynon Taf 054,Rhondda Cynon Taf,351,2,14,319,117,156
W00000294,Rhondda Cynon Taf 055,Rhondda Cynon Taf,606,4,926,551,2,586
W00000295,Rhondda Cynon Taf 056,Rhondda Cynon Taf,818,5,207,348,404,70
W00000296,Rhondda Cynon Taf 057,Rhondda Cynon Taf,626,4,361,561,104,216
W00000297,Rhondda Cynon Taf 058,Rhondda Cynon Taf,652,4,282,1064,267,494
W00000298,Rhondda Cynon Taf 059,Rhondda Cynon Taf,726,4,1,1,1,930
W00000299,Rhondda Cynon Taf 060,Rhondda Cynon Taf,206,2,1205,182,461,1047
W00000300,Rhondda Cynon Taf 061,Rhondda Cynon Taf,1102,6,1049,865,740,648
W00000301,Rhondda Cynon Taf 062,Rhondda Cynon Taf,672,4,226,84,398,328
W00000302,Rhondda Cynon Taf 063,Rhondda Cynon Taf,241,2,619,767,429,1020
W00000303,Rhondda Cynon Taf 064,Rhondda Cynon Taf,1,1,338,124,1,365
W00000304,Rhondda Cynon Taf 065,Rhondda Cynon Taf,357,2,876,642,59,1178
W00000305,Rhondda Cynon Taf 066,Rhondda Cynon Taf,827,5,583,312,80,243
W00000306,Rhondda Cynon Taf 067,Rhondda Cynon Taf,781,5,993,994,237,1
W00000307,Rhondda Cynon Taf 068,Rhondda Cynon Taf,449,3,1,524,350,204
W00000308,Rhondda Cynon Taf 069,Rhondda Cynon Taf,1,1,561,194,11,1
W00000309,Rhondda Cynon Taf 070,Rhondda Cynon Taf,390,3,958,1039,248,147
W00000310,Rhondda Cynon Taf 071,Rhondda Cynon Taf,564,3,85,516,654,915
W00000311,Rhondda Cynon Taf 072,Rhondda Cynon Taf,364,2,335,61,125,304
W00000312,Rhondda Cynon Taf 073,Rhondda Cynon Taf,528,3,687,90,896,286
W00000313,Rhondda Cynon Taf 074,Rhondda Cynon Taf,392,3,164,1,693,709
W00000314,Rhondda Cynon Taf 075,Rhondda Cynon Taf,301,2,421,598,1,177
W00000315,Rhondda Cynon Taf 076,Rhondda Cynon Taf,677,4,4,513,1,595
W00000316,Rhondda Cynon Taf 077,Rhondda Cynon Taf,387,3,1,848,155,59
W00000317,Rhondda Cynon Taf 078,Rhondda Cynon Taf,470,3,761,8,420,580
W00000318,Rhondda Cynon Taf 079,Rhondda Cynon Taf,642,4,455,258,124,436
W00000319,Rhondda Cynon Taf 080,Rhondda Cynon Taf,24,1,1,568,700,1
W00000320,Rhondda Cynon Taf 081,Rhondda Cynon Taf,46,1,595,1192,406,94
W00000321,Rhondda Cynon Taf 082,Rhondda Cynon Taf,335,2,833,151,134,197
W00000322,Rhondda Cynon Taf 083,Rhondda Cynon Taf,66,1,438,1025,507,294
W00000323,Rhondda Cynon Taf 084,Rhondda Cynon Taf,297,2,1,739,374,324
W00000324,Rhondda Cynon Taf 085,Rhondda Cynon Taf,1517,8,494,110,258,882
W00000325,Rhondda Cynon Taf 086,Rhondda Cynon Taf,439,3,1,753,177,1186
W00000326,Rhondda Cynon Taf 087,Rhondda Cynon Taf,778,5,259,893,422,758
W00000327,Rhondda Cynon Taf 088,Rhondda Cynon Taf,569,3,133,152,742,259
W00000328,Rhondda Cynon Taf 089,Rhondda Cynon Taf,258,2,99,563,1085,1
W00000329,Rhondda Cynon Taf 090,Rhondda Cynon Taf,408,3,844,369,550,1
W00000330,Rhondda Cynon Taf 091,Rhondda Cynon Taf,549,3,341,779,794,1487
W00000331,Rhondda Cynon Taf 092,Rhondda Cynon Taf,602,4,502,474,282,542
W00000332,Rhondda Cynon Taf 093,Rhondda Cynon Taf,296,2,453,907,65,878
W00000333,Rhondda Cynon Taf 094,Rhondda Cynon Taf,860,5,362,1,197,944
W00000334,Rhondda Cynon Taf 095,Rhondda Cynon Taf,391,3,85,205,679,629
W00000335,Rhondda Cynon Taf 096,Rhondda Cynon Taf,316,2,284,249,93,1078
W00000336,Rhondda Cynon Taf 097,Rhondda Cynon Taf,287,2,783,985,731,218
W00000337,Rhondda Cynon Taf 098,Rhondda Cynon Taf,541,3,392,52,507,1
W00000338,Rhondda Cynon Taf 099,Rhondda Cynon Taf,815,5,253,477,494,291
W00000339,Rhondda Cynon Taf 100,Rhondda Cynon Taf,605,4,250,735,1,453
W00000340,Rhondda Cynon Taf 101,Rhondda Cynon Taf,1078,6,84,139,570,475
W00000341,Rhondda Cynon Taf 102,Rhondda Cynon Taf,522,3,554,644,768,572
W00000342,Rhondda Cynon Taf 103,Rhondda Cynon Taf,315,2,611,1131,355,1
W00000343,Rhondda Cynon Taf 104,Rhondda Cynon Taf,787,5,362,1,681,175
W00000344,Rhondda Cynon Taf 105,Rhondda Cynon Taf,368,2,504,473,635,217
W00000345,Rhondda Cynon Taf 106,Rhondda Cynon Taf,579,4,318,684,604,7
W00000346,Rhondda Cynon Taf 107,Rhondda Cynon Taf,780,5,231,711,522,1172
W00000347,Rhondda Cynon Taf 108,Rhondda Cynon Taf,321,2,289,392,299,735
W00000348,Rhondda Cynon Taf 109,Rhondda Cynon Taf,1,1,68,1,715,1118
W00000349,Rhondda Cynon Taf 110,Rhondda Cynon Taf,363,2,346,426,786,10
W00000350,Rhondda Cynon Taf 111,Rhondda Cynon Taf,483,3,707,592,463,820
W00000351,Rhondda Cynon Taf 112,Rhondda Cynon Taf,1,1,613,148,1,614
W00000352,Rhondda Cynon Taf 113,Rhondda Cynon Taf,880,5,356,766,936,952
W00000353,Rhondda Cynon Taf 114,Rhondda Cynon Taf,973,6,633,429,1,296
W00000354,Rhondda Cynon Taf 115,Rhondda Cynon Taf,104,1,1083,332,440,631
W00000355,Rhondda Cynon Taf 116,Rhondda Cynon Taf,415,3,933,160,464,88
W00000356,Rhondda Cynon Taf 117,Rhondda Cynon Taf,1,1,207,385,257,109
W00000357,Rhondda Cynon Taf 118,Rhondda Cynon Taf,1,1,373,1,652,434
W00000358,Caerphilly 001,Caerphilly,1,1,444,235,665,1161
W00000359,Caerphilly 002,Caerphilly,1,1,589,483,792,647
W00000360,Caerphilly 003,Caerphilly,264,2,440,217,938,559
W00000361,Caerphilly 004,Caerphilly,1272,7,529,253,3,1
W00000362,Caerphilly 005,Caerphilly,1,1,641,762,1,958
W00000363,Caerphilly 006,Caerphilly,366,2,600,1223,873,427
W00000364,Caerphilly 007,Caerphilly,211,2,1,249,473,99
W00000365,Caerphilly 008,Caerphilly,500,3,576,456,315,626
W00000366,Caerphilly 009,Caerphilly,717,4,177,1139,514,558
W00000367,Caerphilly 010,Caerphilly,819,5,629,948,653,270
W00000368,Caerphilly 011,Caerphilly,687,4,158,595,538,455
W00000369,Caerphilly 012,Caerphilly,501,3,1,320,583,622
W00000370,Caerphilly 013,Caerphilly,159,1,982,187,899,744
W00000371,Caerphilly 014,Caerphilly,304,2,1157,51,881,1006
W00000372,Caerphilly 015,Caerphilly,295,2,1026,445,654,668
W00000373,Caerphilly 016,Caerphilly,498,3,827,881,1,1144
W00000374,Caerphilly 017,Caerphilly,1,1,903,1020,156,362
W00000375,Caerphilly 018,Caerphilly,129,1,476,421,831,1147
W00000376,Caerphilly 019,Caerphilly,1080,6,357,462,1,182
W00000377,Caerphilly 020,Caerphilly,916,5,1102,34,336,537
W00000378,Caerphilly 021,Caerphilly,656,4,273,727,378,543
W00000379,Caerphilly 022,Caerphilly,757,4,552,367,510,509
W00000380,Caerphilly 023,Caerphilly,409,3,461,1218,752,415
W00000381,Caerphilly 024,Caerphilly,814,5,435,1040,683,501
W00000382,Caerphilly 025,Caerphilly,720,4,12,79,118,615
W00000383,Caerphilly 026,Caerphilly,1208,7,1313,816,730,1
W00000384,Caerphilly 027,Caerphilly,343,2,280,290,489,334
W00000385,Caerphilly 028,Caerphilly,1,1,805,101,636,1495
W00000386,Caerphilly 029,Caerphilly,200,2,1,430,947,1443
W00000387,Caerphilly 030,Caerphilly,82,1,719,355,511,1755
W00000388,Caerphilly 031,Caerphilly,1,1,636,745,941,594
W00000389,Caerphilly 032,Caerphilly,667,4,416,662,426,833
W00000390,Caerphilly 033,Caerphilly,409,3,678,537,956,526
W00000391,Caerphilly 034,Caerphilly,1,1,981,171,313,278
W00000392,Caerphilly 035,Caerphilly,1072,6,1,1861,931,651
W00000393,Caerphilly 036,Caerphilly,529,3,647,767,782,803
W00000394,Caerphilly 037,Caerphilly,584,4,482,486,479,1066
W00000395,Caerphilly 038,Caerphilly,775,5,1,824,620,541
W00000396,Caerphilly 039,Caerphilly,402,3,934,946,270,735
W00000397,Caerphilly 040,Caerphilly,180,1,78,288,861,984
W00000398,Caerphilly 041,Caerphilly,744,4,797,765,318,746
W00000399,Caerphilly 042,Caerphilly,854,5,807,1046,805,710
W00000400,Caerphilly 043,Caerphilly,956,6,540,181,491,210
W00000401,Caerphilly 044,Caerphilly,293,2,500,218,438,1
W00000402,Caerphilly 045,Caerphilly,631,4,550,208,787,977
W00000403,Caerphilly 046,Caerphilly,1,1,289,228,210,928
W00000404,Caerphilly 047,Caerphilly,476,3,459,1,779,1
W00000405,Caerphilly 048,Caerphilly,572,3,644,1118,77,1
W00000406,Caerphilly 049,Caerphilly,619,4,1165,1067,625,325
W00000407,Caerphilly 050,Caerphilly,856,5,217,749,732,1033
W00000408,Caerphilly 051,Caerphilly,1598,9,684,337,540,1
W00000409,Caerphilly 052,Caerphilly,286,2,410,330,605,174
W00000410,Caerphilly 053,Caerphilly,975,6,550,546,431,620
W00000411,Caerphilly 054,Caerphilly,863,5,253,274,440,1
W00000412,Caerphilly 055,Caerphilly,238,2,387,915,644,638
W00000413,Caerphilly 056,Caerphilly,873,5,503,713,512,671
W00000414,Caerphilly 057,Caerphilly,328,2,1,493,1063,972
W00000415,Caerphilly 058,Caerphilly,916,5,972,587,621,268
W00000416,Caerphilly 059,Caerphilly,429,3,760,1053,499,344
W00000417,Caerphilly 060,Caerphilly,550,3,755,1,1,298
W00000418,Caerphilly 061,Caerphilly,86,1,376,488,386,1212
W00000419,Caerphilly 062,Caerphilly,674,4,652,810,138,1023
W00000420,Caerphilly 063,Caerphilly,521,3,779,101,1,922
W00000421,Caerphilly 064,Caerphilly,693,4,241,186,956,7
W00000422,Caerphilly 065,Caerphilly,1174,7,241,816,431,825
W00000423,Caerphilly 066,Caerphilly,343,2,494,567,188,887
W00000424,Caerphilly 067,Caerphilly,354,2,471,134,1,462
W00000425,Caerphilly 068,Caerphilly,1466,8,818,541,455,560
W00000426,Caerphilly 069,Caerphilly,757,4,146,1015,808,877
W00000427,Caerphilly 070,Caerphilly,716,4,556,831,763,388
W00000428,Caerphilly 071,Caerphilly,332,2,584,1197,102,1
W00000429,Caerphilly 072,Caerphilly,612,4,567,622,638,448
W00000430,Caerphilly 073,Caerphilly,1116,6,2,203,512,1
W00000431,Bridgend 001,Bridgend,583,4,1218,658,733,75
W00000432,Bridgend 002,Bridgend,415,3,521,517,1112,904
W00000433,Bridgend 003,Bridgend,227,2,734,858,1061,1370
W00000434,Bridgend 004,Bridgend,264,2,372,124,565,862
W00000435,Bridgend 005,Bridgend,1025,6,624,516,704,269
W00000436,Bridgend 006,Bridgend,1444,8,100,727,1380,653
W00000437,Bridgend 007,Bridgend,577,4,527,574,1145,1
W00000438,Bridgend 008,Bridgend,1232,7,163,538,495,918
W00000439,Bridgend 009,Bridgend,42,1,808,1496,157,736
W00000440,Bridgend 010,Bridgend,398,3,795,658,418,872
W00000441,Bridgend 011,Bridgend,1335,7,584,950,183,213
W00000442,Bridgend 012,Bridgend,829,5,1157,798,536,649
W00000443,Bridgend 013,Bridgend,174,1,856,1018,486,435
W00000444,Bridgend 014,Bridgend,751,4,500,622,1407,537
W00000445,Bridgend 015,Bridgend,513,3,428,961,584,353
W00000446,Bridgend 016,Bridgend,1152,7,1135,399,1,1109
W00000447,Bridgend 017,Bridgend,389,3,920,1,972,97
W00000448,Bridgend 018,Bridgend,927,5,654,251,503,962
W00000449,Bridgend 019,Bridgend,690,4,849,1476,85,1387
W00000450,Bridgend 020,Bridgend,689,4,342,93,581,1070
W00000451,Bridgend 021,Bridgend,601,4,1166,43,645,78
W00000452,Bridgend 022,Bridgend,788,5,953,474,1,740
W00000453,Bridgend 023,Bridgend,815,5,788,1166,263,960
W00000454,Bridgend 024,Bridgend,1103,6,41,783,467,612
W00000455,Bridgend 025,Bridgend,782,5,483,367,662,154
W00000456,Bridgend 026,Bridgend,237,2,882,169,890,860
W00000457,Bridgend 027,Bridgend,1,1,418,1149,295,438
W00000458,Bridgend 028,Bridgend,825,5,917,544,434,1298
W00000459,Bridgend 029,Bridgend,1310,7,984,685,358,271
W00000460,Bridgend 030,Bridgend,848,5,793,1235,884,1
W00000461,Bridgend 031,Bridgend,1049,6,308,489,740,1560
W00000462,Bridgend 032,Bridgend,1831,10,857,573,842,1054
W00000463,Bridgend 033,Bridgend,528,3,1263,746,829,953
W00000464,Bridgend 034,Bridgend,810,5,936,391,448,148
W00000465,Bridgend 035,Bridgend,817,5,916,841,1254,647
W00000466,Bridgend 036,Bridgend,904,5,276,488,901,1037
W00000467,Bridgend 037,Bridgend,538,3,625,15,521,1056
W00000468,Bridgend 038,Bridgend,868,5,821,670,652,348
W00000469,Bridgend 039,Bridgend,915,5,793,855,460,1
W00000470,Bridgend 040,Bridgend,1066,6,486,289,900,471
W00000471,Bridgend 041,Bridgend,1052,6,861,935,156,1202
W00000472,Bridgend 042,Bridgend,749,4,523,709,8,836
W00000473,Bridgend 043,Bridgend,258,2,187,13,1051,363
W00000474,Bridgend 044,Bridgend,1232,7,466,1,246,1213
W00000475,Bridgend 045,Bridgend,590,4,462,716,831,1159
W00000476,Bridgend 046,Bridgend,1200,7,526,95,500,768
W00000477,Bridgend 047,Bridgend,283,2,322,793,632,664
W00000478,Bridgend 048,Bridgend,361,2,571,263,971,1122
W00000479,Bridgend 049,Bridgend,1,1,332,24,415,611
W00000480,Bridgend 050,Bridgend,99,1,334,230,724,681
W00000481,Bridgend 051,Bridgend,375,2,710,421,551,1413
W00000482,Bridgend 052,Bridgend,1159,7,205,996,942,126
W00000483,Bridgend 053,Bridgend,961,6,1175,180,318,1114
W00000484,Bridgend 054,Bridgend,753,4,838,792,791,45
W00000485,Bridgend 055,Bridgend,1047,6,1049,554,634,1
W00000486,Bridgend 056,Bridgend,845,5,845,624,1055,497
W00000487,Vale of Glamorgan 001,Vale of Glamorgan,1397,8,878,1190,1142,1294
W00000488,Vale of Glamorgan 002,Vale of Glamorgan,1070,6,1158,1518,1054,525
W00000489,Vale of Glamorgan 003,Vale of Glamorgan,1812,10,1635,702,1429,988
W00000490,Vale of Glamorgan 004,Vale of Glamorgan,1292,7,1292,1109,939,909
W00000491,Vale of Glamorgan 005,Vale of Glamorgan,879,5,937,1174,962,1486
W00000492,Vale of Glamorgan 006,Vale of Glamorgan,1720,10,1017,1292,1366,1398
W00000493,Vale of Glamorgan 007,Vale of Glamorgan,1226,7,1433,1385,788,1565
W00000494,Vale of Glamorgan 008,Vale of Glamorgan,1510,8,959,1214,1427,1112
W00000495,Vale of Glamorgan 009,Vale of Glamorgan,1575,9,1909,897,740,1327
W00000496,Vale of Glamorgan 010,Vale of Glamorgan,1452,8,1127,1759,754,1491
W00000497,Vale of Glamorgan 011,Vale of Glamorgan,987,6,1741,1909,945,969
W00000498,Vale of Glamorgan 012,Vale of Glamorgan,1500,8,1078,1182,1208,393
W00000499,Vale of Glamorgan 013,Vale of Glamorgan,1195,7,982,1010,1680,672
W00000500,Vale of Glamorgan 014,Vale of Glamorgan,1484,8,1112,1092,1462,1342
W00000501,Vale of Glamorgan 015,Vale of Glamorgan,1399,8,1504,1072,996,744
W00000502,Vale of Glamorgan 016,Vale of Glamorgan,911,5,1909,1679,750,644
W00000503,Vale of Glamorgan 017,Vale of Glamorgan,1368,8,1372,1411,1115,1147
W00000504,Vale of Glamorgan 018,Vale of Glamorgan,1314,7,1227,345,1123,842
W00000505,Vale of Glamorgan 019,Vale of Glamorgan,1261,7,1909,1341,1095,1587
W00000506,Vale of Glamorgan 020,Vale of Glamorgan,1368,8,1332,1433,1883,725
W00000507,Vale of Glamorgan 021,Vale of Glamorgan,1365,8,908,1413,894,1024
W00000508,Vale of Glamorgan 022,Vale of Glamorgan,1096,6,1507,1553,785,1223
W00000509,Vale of Glamorgan 023,Vale of Glamorgan,951,5,803,1116,1097,1909
W00000510,Vale of Glamorgan 024,Vale of Glamorgan,1351,8,766,982,1539,1909
W00000511,Vale of Glamorgan 025,Vale of Glamorgan,644,4,607,1909,1329,835
W00000512,Vale of Glamorgan 026,Vale of Glamorgan,1387,8,369,1201,1309,1588
W00000513,Vale of Glamorgan 027,Vale of Glamorgan,845,5,1226,843,1284,823
W00000514,Vale of Glamorgan 028,Vale of Glamorgan,1057,6,886,1450,1485,1101
W00000515,Vale of Glamorgan 029,Vale of Glamorgan,1213,7,743,1084,1183,1909
W00000516,Vale of Glamorgan 030,Vale of Glamorgan,810,5,1661,1583,1293,1909
W00000517,Vale of Glamorgan 031,Vale of Glamorgan,1330,7,1322,1179,1606,1660
W00000518,Vale of Glamorgan 032,Vale of Glamorgan,981,6,784,1121,933,1173
W00000519,Vale of Glamorgan 033,Vale of Glamorgan,1633,9,1055,1183,1219,1556
W00000520,Vale of Glamorgan 034,Vale of Glamorgan,413,3,1008,1281,1599,993
W00000521,Vale of Glamorgan 035,Vale of Glamorgan,543,3,1395,955,804,937
W00000522,Vale of Glamorgan 036,Vale of Glamorgan,1135,6,1009,350,1498,1735
W00000523,Vale of Glamorgan 037,Vale of Glamorgan,1428,8,841,1122,1197,1451
W00000524,Vale of Glamorgan 038,Vale of Glamorgan,1433,8,968,1231,1352,1811
W00000525,Vale of Glamorgan 039,Vale of Glamorgan,1446,8,1448,1232,1668,1372
W00000526,Vale of Glamorgan 040,Vale of Glamorgan,898,5,1642,1468,1052,998
W00000527,Vale of Glamorgan 041,Vale of Glamorgan,1303,7,1345,1275,1303,1909
W00000528,Vale of Glamorgan 042,Vale of Glamorgan,1575,9,1260,1562,856,1367
W00000529,Vale of Glamorgan 043,Vale of Glamorgan,1833,10,1131,873,983,742
W00000530,Vale of Glamorgan 044,Vale of Glamorgan,925,5,1083,658,1205,1578
W00000531,Vale of Glamorgan 045,Vale of Glamorgan,882,5,1678,1396,1542,923
W00000532,Vale of Glamorgan 046,Vale of Glamorgan,1499,8,856,1542,1257,1432
W00000533,Vale of Glamorgan 047,Vale of Glamorgan,788,5,918,1429,884,1394
W00000534,Vale of Glamorgan 048,Vale of Glamorgan,721,4,1467,725,1383,1462
W00000535,Vale of Glamorgan 049,Vale of Glamorgan,956,6,1383,1300,1020,776
W00000536,Merthyr Tydfil 001,Merthyr Tydfil,1,1,338,1,275,161
W00000537,Merthyr Tydfil 002,Merthyr Tydfil,440,3,173,148,444,362
W00000538,Merthyr Tydfil 003,Merthyr Tydfil,338,2,368,1,451,455
W00000539,Merthyr Tydfil 004,Merthyr Tydfil,1,1,188,237,214,362
W00000540,Merthyr Tydfil 005,Merthyr Tydfil,650,4,522,1,415,696
W00000541,Merthyr Tydfil 006,Merthyr Tydfil,358,2,524,869,522,333
W00000542,Merthyr Tydfil 007,Merthyr Tydfil,542,3,286,257,156,775
W00000543,Merthyr Tydfil 008,Merthyr Tydfil,20,1,636,403,1,373
W00000544,Merthyr Tydfil 009,Merthyr Tydfil,1,1,407,522,92,291
W00000545,Merthyr Tydfil 010,Merthyr Tydfil,797,5,122,1,644,909
W00000546,Merthyr Tydfil 011,Merthyr Tydfil,251,2,504,663,52,86
W00000547,Merthyr Tydfil 012,Merthyr Tydfil,594,4,674,423,15,917
W00000548,Merthyr Tydfil 013,Merthyr Tydfil,101,1,165,355,663,536
W00000549,Merthyr Tydfil 014,Merthyr Tydfil,366,2,366,263,398,1
W00000550,Merthyr Tydfil 015,Merthyr Tydfil,166,1,310,1,352,181
W00000551,Merthyr Tydfil 016,Merthyr Tydfil,741,4,646,106,209,225
W00000552,Merthyr Tydfil 017,Merthyr Tydfil,123,1,299,16,1,459
W00000553,Merthyr Tydfil 018,Merthyr Tydfil,426,3,47,525,82,335
W00000554,Merthyr Tydfil 019,Merthyr Tydfil,479,3,241,390,112,183
W00000555,Merthyr Tydfil 020,Merthyr Tydfil,192,2,61,195,1,84
W00000556,Merthyr Tydfil 021,Merthyr Tydfil,170,1,185,175,233,411
W00000557,Merthyr Tydfil 022,Merthyr Tydfil,494,3,86,1,1,86
W00000558,Merthyr Tydfil 023,Merthyr Tydfil,151,1,55,1,128,310
W00000559,Merthyr Tydfil 024,Merthyr Tydfil,416,3,109,122,3,239
W00000560,Merthyr Tydfil 025,Merthyr Tydfil,12,1,394,1,154,351
W00000561,Merthyr Tydfil 026,Merthyr Tydfil,301,2,928,357,1,217
W00000562,Merthyr Tydfil 027,Merthyr Tydfil,1,1,229,1,493,65
W00000563,Blaenau Gwent 001,Blaenau Gwent,170,1,56,678,123,749
W00000564,Blaenau Gwent 002,Blaenau Gwent,403,3,308,301,293,1
W00000565,Blaenau Gwent 003,Blaenau Gwent,130,1,390,186,1,184
W00000566,Blaenau Gwent 004,Blaenau Gwent,626,4,480,182,425,90
W00000567,Blaenau Gwent 005,Blaenau Gwent,1,1,1,629,134,126
W00000568,Blaenau Gwent 006,Blaenau Gwent,125,1,628,647,726,152
W00000569,Blaenau Gwent 007,Blaenau Gwent,273,2,1,606,1,265
W00000570,Blaenau Gwent 008,Blaenau Gwent,1,1,67,1,55,38
W00000571,Blaenau Gwent 009,Blaenau Gwent,62,1,387,1,252,565
W00000572,Blaenau Gwent 010,Blaenau Gwent,71,1,38,136,480,258
W00000573,Blaenau Gwent 011,Blaenau Gwent,67,1,308,1,361,322
W00000574,Blaenau Gwent 012,Blaenau Gwent,123,1,11,1,327,568
W00000575,Blaenau Gwent 013,Blaenau Gwent,40,1,303,1,61,190
W00000576,Blaenau Gwent 014,Blaenau Gwent,1,1,1,16,269,143
W00000577,Blaenau Gwent 015,Blaenau Gwent,1,1,1,33,308,1
W00000578,Blaenau Gwent 016,Blaenau Gwent,75,1,81,581,108,314
W00000579,Blaenau Gwent 017,Blaenau Gwent,235,2,1,411,251,352
W00000580,Blaenau Gwent 018,Blaenau Gwent,1181,7,1,674,131,286
W00000581,Blaenau Gwent 019,Blaenau Gwent,188,1,104,43,278,1
W00000582,Blaenau Gwent 020,Blaenau Gwent,387,3,106,1,93,577
W00000583,Blaenau Gwent 021,Blaenau Gwent,66,1,280,1,380,405
W00000584,Blaenau Gwent 022,Blaenau Gwent,662,4,160,383,223,588
W00000585,Blaenau Gwent 023,Blaenau Gwent,20,1,367,146,184,227
W00000586,Blaenau Gwent 024,Blaenau Gwent,263,2,173,259,574,495
W00000587,Blaenau Gwent 025,Blaenau Gwent,417,3,97,1,426,462
W00000588,Blaenau Gwent 026,Blaenau Gwent,568,3,64,136,1,82
W00000589,Blaenau Gwent 027,Blaenau Gwent,449,3,95,376,154,297
W00000590,Blaenau Gwent 028,Blaenau Gwent,1,1,219,1,155,1
W00000591,Blaenau Gwent 029,Blaenau Gwent,501,3,374,328,561,1
W00000592,Blaenau Gwent 030,Blaenau Gwent,636,4,409,134,469,1
W00000593,Blaenau Gwent 031,Blaenau Gwent,1,1,63,54,1,566
W00000594,Torfaen 001,Torfaen,401,3,620,261,1,623
W00000595,Torfaen 002,Torfaen,1,1,476,1,1217,915
W00000596,Torfaen 003,Torfaen,540,3,932,146,696,591
W00000597,Torfaen 004,Torfaen,600,4,935,806,604,1
W00000598,Torfaen 005,Torfaen,135,1,458,539,91,1599
W00000599,Torfaen 006,Torfaen,1076,6,705,530,423,65
W00000600,Torfaen 007,Torfaen,529,3,588,1,620,429
W00000601,Torfaen 008,Torfaen,1,1,205,327,1181,753
W00000602,Torfaen 009,Torfaen,1,1,666,1,890,285
W00000603,Torfaen 010,Torfaen,464,3,953,1,1,233
W00000604,Torfaen 011,Torfaen,894,5,1,1,337,751
W00000605,Torfaen 012,Torfaen,956,6,341,328,916,1
W00000606,Torfaen 013,Torfaen,352,2,565,687,315,515
W00000607,Torfaen 014,Torfaen,1,1,274,689,145,526
W00000608,Torfaen 015,Torfaen,669,4,382,571,152,405
W00000609,Torfaen 016,Torfaen,731,4,553,254,580,825
W00000610,Torfaen 017,Torfaen,1,1,896,359,653,1045
W00000611,Torfaen 018,Torfaen,1,1,257,379,217,1291
W00000612,Torfaen 019,Torfaen,174,1,310,585,66,319
W00000613,Torfaen 020,Torfaen,620,4,386,460,308,1
W00000614,Torfaen 021,Torfaen,622,4,1100,507,581,815
W00000615,Torfaen 022,Torfaen,17,1,1082,584,1089,165
W00000616,Torfaen 023,Torfaen,1190,7,765,731,584,386
W00000617,Torfaen 024,Torfaen,956,6,548,1,96,415
W00000618,Torfaen 025,Torfaen,617,4,480,1009,1,565
W00000619,Torfaen 026,Torfaen,1,1,759,460,651,106
W00000620,Torfaen 027,Torfaen,986,6,856,743,453,764
W00000621,Torfaen 028,Torfaen,231,2,792,1189,886,167
W00000622,Torfaen 029,Torfaen,637,4,57,739,662,1
W00000623,Torfaen 030,Torfaen,58,1,403,374,63,677
W00000624,Torfaen 031,Torfaen,595,4,433,184,878,1254
W00000625,Torfaen 032,Torfaen,316,2,290,705,370,436
W00000626,Torfaen 033,Torfaen,781,5,1,1051,526,312
W00000627,Torfaen 034,Torfaen,466,3,487,1,1039,518
W00000628,Torfaen 035,Torfaen,668,4,825,73,670,377
W00000629,Torfaen 036,Torfaen,821,5,1,458,282,697
W00000630,Torfaen 037,Torfaen,678,4,257,202,460,91
W00000631,Torfaen 038,Torfaen,819,5,373,1,364,26
W00000632,Torfaen 039,Torfaen,1,1,76,545,979,642
W00000633,Monmouthshire 001,Monmouthshire,1218,7,1523,1248,1202,984
W00000634,Monmouthshire 002,Monmouthshire,874,5,1294,1452,1372,1250
W00000635,Monmouthshire 003,Monmouthshire,1116,6,1564,965,1621,1039
W00000636,Monmouthshire 004,Monmouthshire,1174,7,1003,1234,1677,1585
W00000637,Monmouthshire 005,Monmouthshire,1693,9,1540,1035,1305,1119
W00000638,Monmouthshire 006,Monmouthshire,1799,10,1076,1694,1654,1909
W00000639,Monmouthshire 007,Monmouthshire,1277,7,1592,1909,1223,847
W00000640,Monmouthshire 008,Monmouthshire,835,5,1592,778,1293,1557
W00000641,Monmouthshire 009,Monmouthshire,1455,8,1514,1473,1764,1057
W00000642,Monmouthshire 010,Monmouthshire,1196,7,1191,1673,1656,1562
W00000643,Monmouthshire 011,Monmouthshire,1755,10,1081,1909,1834,1664
W00000644,Monmouthshire 012,Monmouthshire,1909,10,952,1226,1190,1659
W00000645,Monmouthshire 013,Monmouthshire,1084,6,1604,1852,1598,1502
W00000646,Monmouthshire 014,Monmouthshire,1103,6,1171,1812,1622,1385
W00000647,Monmouthshire 015,Monmouthshire,1274,7,853,1046,1909,939
W00000648,Monmouthshire 016,Monmouthshire,1456,8,1672,985,1452,1737
W00000649,Monmouthshire 017,Monmouthshire,1403,8,1909,849,1701,1337
W00000650,Monmouthshire 018,Monmouthshire,1631,9,1519,1158,1465,731
W00000651,Monmouthshire 019,Monmouthshire,1580,9,1480,1610,1701,1532
W00000652,Monmouthshire 020,Monmouthshire,1444,8,1162,1164,1738,1909
W00000653,Monmouthshire 021,Monmouthshire,1328,7,1412,1101,1734,1639
W00000654,Monmouthshire 022,Monmouthshire,1909,10,1162,1275,1465,1632
W00000655,Monmouthshire 023,Monmouthshire,1335,7,1164,1690,1605,1070
W00000656,Monmouthshire 024,Monmouthshire,1806,10,1715,1444,1422,1599
W00000657,Monmouthshire 025,Monmouthshire,1141,6,1408,689,1649,837
W00000658,Monmouthshire 026,Monmouthshire,1851,10,1310,1330,1221,1296
W00000659,Monmouthshire 027,Monmouthshire,1825,10,728,1821,1496,965
W00000660,Monmouthshire 028,Monmouthshire,1077,6,1852,1087,1071,1809
W00000661,Monmouthshire 029,Monmouthshire,1501,8,1146,1471,1107,1796
W00000662,Monmouthshire 030,Monmouthshire,1718,9,1543,1519,1901,1399
W00000663,Monmouthshire 031,Monmouthshire,1045,6,1521,1909,1110,1269
W00000664,Monmouthshire 032,Monmouthshire,1524,8,1385,1075,1719,1909
W00000665,Monmouthshire 033,Monmouthshire,1458,8,1155,888,1473,1797
W00000666,Monmouthshire 034,Monmouthshire,1542,9,1399,1205,1088,1700
W00000667,Neath Port Talbot 001,Neath Port Talbot,719,4,1,1012,590,987
W00000668,Neath Port Talbot 002,Neath Port Talbot,1,1,1,342,567,1154
W00000669,Neath Port Talbot 003,Neath Port Talbot,647,4,323,4,808,1
W00000670,Neath Port Talbot 004,Neath Port Talbot,969,6,310,1012,625,342
W00000671,Neath Port Talbot 005,Neath Port Talbot,218,2,292,564,425,150
W00000672,Neath Port Talbot 006,Neath Port Talbot,342,2,424,1,552,1
W00000673,Neath Port Talbot 007,Neath Port Talbot,1,1,1,1,1,102
W00000674,Neath Port Talbot 008,Neath Port Talbot,1083,6,234,468,533,455
W00000675,Neath Port Talbot 009,Neath Port Talbot,372,2,23,958,1000,1
W00000676,Neath Port Talbot 010,Neath Port Talbot,41,1,311,28,568,94
W00000677,Neath Port Talbot 011,Neath Port Talbot,1157,7,775,481,741,864
W00000678,Neath Port Talbot 012,Neath Port Talbot,202,2,142,430,686,458
W00000679,Neath Port Talbot 013,Neath Port Talbot,1,1,147,371,374,1228
W00000680,Neath Port Talbot 014,Neath Port Talbot,1,1,559,973,1155,230
W00000681,Neath Port Talbot 015,Neath Port Talbot,572,3,579,475,367,583
W00000682,Neath Port Talbot 016,Neath Port Talbot,1,1,614,448,326,1259
W00000683,Neath Port Talbot 017,Neath Port Talbot,163,1,273,1166,123,168
W00000684,Neath Port Talbot 018,Neath Port Talbot,348,2,664,480,1,176
W00000685,Neath Port Talbot 019,Neath Port Talbot,187,1,375,563,539,1
W00000686,Neath Port Talbot 020,Neath Port Talbot,772,5,479,933,547,862
W00000687,Neath Port Talbot 021,Neath Port Talbot,563,3,824,601,367,1354
W00000688,Neath Port Talbot 022,Neath Port Talbot,711,4,580,1,1,522
W00000689,Neath Port Talbot 023,Neath Port Talbot,450,3,206,454,928,692
W00000690,Neath Port Talbot 024,Neath Port Talbot,1,1,364,90,271,226
W00000691,Neath Port Talbot 025,Neath Port Talbot,232,2,4,350,213,1
W00000692,Neath Port Talbot 026,Neath Port Talbot,1118,6,742,255,406,1
W00000693,Neath Port Talbot 027,Neath Port Talbot,993,6,997,460,740,473
W00000694,Neath Port Talbot 028,Neath Port Talbot,1,1,270,450,248,308
W00000695,Neath Port Talbot 029,Neath Port Talbot,368,2,374,420,47,98
W00000696,Neath Port Talbot 030,Neath Port Talbot,1,1,708,1,783,982
W00000697,Neath Port Talbot 031,Neath Port Talbot,294,2,1,260,378,1
W00000698,Neath Port Talbot 032,Neath Port Talbot,219,2,882,655,92,1
W00000699,Neath Port Talbot 033,Neath Port Talbot,285,2,332,591,222,614
W00000700,Neath Port Talbot 034,Neath Port Talbot,1077,6,656,381,339,250
W00000701,Neath Port Talbot 035,Neath Port Talbot,813,5,202,417,417,189
W00000702,Neath Port Talbot 036,Neath Port Talbot,1,1,501,376,566,175
W00000703,Neath Port Talbot 037,Neath Port Talbot,827,5,123,1059,1,582
W00000704,Neath Port Talbot 038,Neath Port Talbot,566,3,149,563,825,1
W00000705,Neath Port Talbot 039,Neath Port Talbot,575,4,1,28,941,155
W00000706,Neath Port Talbot 040,Neath Port Talbot,1,1,337,1196,1,1
W00000707,Neath Port Talbot 041,Neath Port Talbot,924,5,985,360,1,1280
W00000708,Neath Port Talbot 042,Neath Port Talbot,958,6,613,87,383,332
W00000709,Neath Port Talbot 043,Neath Port Talbot,515,3,857,738,41,978
W00000710,Neath Port Talbot 044,Neath Port Talbot,509,3,616,964,30,384
W00000711,Neath Port Talbot 045,Neath Port Talbot,213,2,1,533,1235,1
W00000712,Neath Port Talbot 046,Neath Port Talbot,388,3,601,447,362,1
W00000713,Neath Port Talbot 047,Neath Port Talbot,481,3,161,1,797,802
W00000714,Neath Port Talbot 048,Neath Port Talbot,418,3,472,813,474,779
W00000715,Neath Port Talbot 049,Neath Port Talbot,295,2,813,523,464,1
W00000716,Neath Port Talbot 050,Neath Port Talbot,500,3,137,154,128,1
W00000717,Neath Port Talbot 051,Neath Port Talbot,1143,6,819,1139,1,429
W00000718,Neath Port Talbot 052,Neath Port Talbot,1,1,180,46,812,233
W00000719,Neath Port Talbot 053,Neath Port Talbot,773,5,590,1286,1,928
W00000720,Neath Port Talbot 054,Neath Port Talbot,801,5,93,787,511,304
W00000721,Neath Port Talbot 055,Neath Port Talbot,111,1,173,1189,400,728
W00000722,Neath Port Talbot 056,Neath Port Talbot,123,1,154,816,1,225
W00000723,Neath Port Talbot 057,Neath Port Talbot,411,3,435,331,531,690
W00000724,Neath Port Talbot 058,Neath Port Talbot,657,4,89,290,797,775
W00000725,Neath Port Talbot 059,Neath Port Talbot,1,1,510,1,415,1197
W00000726,Neath Port Talbot 060,Neath Port Talbot,68,1,137,694,1,134
W00000727,Neath Port Talbot 061,Neath Port Talbot,608,4,200,309,647,577
W00000728,Neath Port Talbot 062,Neath Port Talbot,493,3,293,542,358,592
W00000729,Neath Port Talbot 063,Neath Port Talbot,226,2,342,18,388,59
W00000730,Neath Port Talbot 064,Neath Port Talbot,10,1,481,481,660,218
W00000731,Neath Port Talbot 065,Neath Port Talbot,542,3,573,571,125,462
W00000732,Neath Port Talbot 066,Neath Port Talbot,527,3,402,1,453,1329
W00000733,Neath Port Talbot 067,Neath Port Talbot,273,2,170,543,503,900
W00000734,Neath Port Talbot 068,Neath Port Talbot,1,1,630,627,352,542
W00000735,Pembrokeshire 001,Pembrokeshire,1291,7,1198,422,1196,870
W00000736,Pembrokeshire 002,Pembrokeshire,927,5,925,837,1330,861
W00000737,Pembrokeshire 003,Pembrokeshire,474,3,765,974,1343,1175
W00000738,Pembrokeshire 004,Pembrokeshire,576,4,1749,1010,1360,830
W00000739,Pembrokeshire 005,Pembrokeshire,1102,6,1187,1409,1281,1297
W00000740,Pembrokeshire 006,Pembrokeshire,780,5,704,1039,1236,798
W00000741,Pembrokeshire 007,Pembrokeshire,1304,7,1396,516,597,835
W00000742,Pembrokeshire 008,Pembrokeshire,1016,6,720,1465,1053,917
W00000743,Pembrokeshire 009,Pembrokeshire,354,2,449,1017,130,1361
W00000744,Pembrokeshire 010,Pembrokeshire,839,5,1909,1864,834,851
W00000745,Pembrokeshire 011,Pembrokeshire,1278,7,1482,215,255,616
W00000746,Pembrokeshire 012,Pembrokeshire,1121,6,1069,1347,466,1
W00000747,Pembrokeshire 013,Pembrokeshire,1226,7,616,56,952,1261
W00000748,Pembrokeshire 014,Pembrokeshire,853,5,743,833,766,285
W00000749,Pembrokeshire 015,Pembrokeshire,628,4,1078,1034,960,446
W00000750,Pembrokeshire 016,Pembrokeshire,831,5,155,974,1415,227
W00000751,Pembrokeshire 017,Pembrokeshire,677,4,1012,1423,738,584
W00000752,Pembrokeshire 018,Pembrokeshire,151,1,935,1753,1000,889
W00000753,Pembrokeshire 019,Pembrokeshire,1022,6,896,560,1197,1002
W00000754,Pembrokeshire 020,Pembrokeshire,906,5,566,1444,1139,647
W00000755,Pembrokeshire 021,Pembrokeshire,1280,7,729,573,625,92
W00000756,Pembrokeshire 022,Pembrokeshire,1079,6,273,386,150,860
W00000757,Pembrokeshire 023,Pembrokeshire,842,5,788,464,476,1111
W00000758,Pembrokeshire 024,Pembrokeshire,690,4,1008,529,965,1494
W00000759,Pembrokeshire 025,Pembrokeshire,1122,6,758,1007,813,903
W00000760,Pembrokeshire 026,Pembrokeshire,776,5,843,988,541,436
W00000761,Pembrokeshire 027,Pembrokeshire,372,2,352,391,957,492
W00000762,Pembrokeshire 028,Pembrokeshire,1095,6,911,77,1136,1269
W00000763,Pembrokeshire 029,Pembrokeshire,522,3,1043,541,935,323
W00000764,Pembrokeshire 030,Pembrokeshire,218,2,769,848,756,360
W00000765,Pembrokeshire 031,Pembrokeshire,748,4,992,881,965,594
W00000766,Pembrokeshire 032,Pembrokeshire,1345,8,497,1103,1326,1119
W00000767,Pembrokeshire 033,Pembrokeshire,823,5,719,1333,386,457
W00000768,Pembrokeshire 034,Pembrokeshire,748,4,1323,1058,550,758
W00000769,Pembrokeshire 035,Pembrokeshire,666,4,657,1309,404,1633
W00000770,Pembrokeshire 036,Pembrokeshire,1214,7,1273,706,845,246
W00000771,Pembrokeshire 037,Pembrokeshire,700,4,1068,1441,500,733
W00000772,Pembrokeshire 038,Pembrokeshire,842,5,422,1147,638,810
W00000773,Pembrokeshire 039,Pembrokeshire,728,4,630,897,822,730
W00000774,Pembrokeshire 040,Pembrokeshire,623,4,1009,1591,950,1354
W00000775,Pembrokeshire 041,Pembrokeshire,371,2,953,441,366,562
W00000776,Pembrokeshire 042,Pembrokeshire,1352,8,1224,1001,346,810
W00000777,Pembrokeshire 043,Pembrokeshire,1014,6,960,129,578,870
W00000778,Pembrokeshire 044,Pembrokeshire,1103,6,148,832,951,1287
W00000779,Pembrokeshire 045,Pembrokeshire,1163,7,1099,565,211,720
W00000780,Pembrokeshire 046,Pembrokeshire,1280,7,1376,1197,1054,1073
W00000781,Pembrokeshire 047,Pembrokeshire,688,4,855,1597,559,1636
W00000782,Pembrokeshire 048,Pembrokeshire,777,5,1353,311,1111,564
W00000783,Pembrokeshire 049,Pembrokeshire,362,2,974,1321,594,216
W00000784,Pembrokeshire 050,Pembrokeshire,865,5,870,1129,1242,872
W00000785,Pembrokeshire 051,Pembrokeshire,1605,9,976,755,318,780
W00000786,Pembrokeshire 052,Pembrokeshire,772,5,1228,1093,474,978
W00000787,Carmarthenshire 001,Carmarthenshire,1118,6,1400,1240,1139,878
W00000788,Carmarthenshire 002,Carmarthenshire,1005,6,1299,263,717,479
W00000789,Carmarthenshire 003,Carmarthenshire,1001,6,1292,587,1,652
W00000790,Carmarthenshire 004,Carmarthenshire,1215,7,1043,1038,743,236
W00000791,Carmarthenshire 005,Carmarthenshire,1056,6,549,1811,1066,571
W00000792,Carmarthenshire 006,Carmarthenshire,605,4,816,744,1274,939
W00000793,Carmarthenshire 007,Carmarthenshire,557,3,1530,871,1142,558
W00000794,Carmarthenshire 008,Carmarthenshire,995,6,961,18,1615,1469
W00000795,Carmarthenshire 009,Carmarthenshire,691,4,453,1002,882,1020
W00000796,Carmarthenshire 010,Carmarthenshire,926,5,1032,1486,1065,346
W00000797,Carmarthenshire 011,Carmarthenshire,1395,8,1440,1909,423,966
W00000798,Carmarthenshire 012,Carmarthenshire,17,1,1049,608,1580,478
W00000799,Carmarthenshire 013,Carmarthenshire,174,1,680,1,1135,1
W00000800,Carmarthenshire 014,Carmarthenshire,861,5,101,709,1474,1023
W00000801,Carmarthenshire 015,Carmarthenshire,504,3,838,857,1029,193
W00000802,Carmarthenshire 016,Carmarthenshire,1087,6,1,572,664,1153
W00000803,Carmarthenshire 017,Carmarthenshire,859,5,343,416,925,812
W00000804,Carmarthenshire 018,Carmarthenshire,618,4,676,1156,653,807
W00000805,Carmarthenshire 019,Carmarthenshire,1717,9,337,35,1147,524
W00000806,Carmarthenshire 020,Carmarthenshire,722,4,568,735,1457,1235
W00000807,Carmarthenshire 021,Carmarthenshire,1194,7,340,343,1,461
W00000808,Carmarthenshire 022,Carmarthenshire,1232,7,1036,752,841,519
W00000809,Carmarthenshire 023,Carmarthenshire,931,5,1125,139,963,1297
W00000810,Carmarthenshire 024,Carmarthenshire,683,4,1102,1909,810,1038
W00000811,Carmarthenshire 025,Carmarthenshire,554,3,915,1052,924,360
W00000812,Carmarthenshire 026,Carmarthenshire,932,5,1376,1047,1215,736
W00000813,Carmarthenshire 027,Carmarthenshire,1149,7,950,431,971,373
W00000814,Carmarthenshire 028,Carmarthenshire,596,4,918,980,398,1355
W00000815,Carmarthenshire 029,Carmarthenshire,1078,6,596,173,794,635
W00000816,Carmarthenshire 030,Carmarthenshire,895,5,719,1,702,703
W00000817,Carmarthenshire 031,Carmarthenshire,1103,6,598,1588,123,1479
W00000818,Carmarthenshire 032,Carmarthenshire,760,4,1159,885,1283,664
W00000819,Carmarthenshire 033,Carmarthenshire,410,3,1361,800,934,1442
W00000820,Carmarthenshire 034,Carmarthenshire,437,3,1064,590,799,884
W00000821,Carmarthenshire 035,Carmarthenshire,249,2,569,1444,1186,819
W00000822,Carmarthenshire 036,Carmarthenshire,947,5,744,1446,773,961
W00000823,Carmarthenshire 037,Carmarthenshire,1308,7,570,1535,268,1632
W00000824,Carmarthenshire 038,Carmarthenshire,700,4,762,18,677,350
W00000825,Carmarthenshire 039,Carmarthenshire,606,4,800,1271,928,997
W00000826,Carmarthenshire 040,Carmarthenshire,411,3,532,1641,570,1644
W00000827,Carmarthenshire 041,Carmarthenshire,752,4,850,1320,1333,796
W00000828,Carmarthenshire 042,Carmarthenshire,694,4,829,998,1188,852
W00000829,Carmarthenshire 043,Carmarthenshire,1097,6,1439,1017,968,120
W00000830,Carmarthenshire 044,Carmarthenshire,1,1,989,808,654,966
W00000831,Carmarthenshire 045,Carmarthenshire,825,5,1256,887,566,1325
W00000832,Carmarthenshire 046,Carmarthenshire,763,4,1039,639,603,890
W00000833,Carmarthenshire 047,Carmarthenshire,855,5,1022,731,152,642
W00000834,Carmarthenshire 048,Carmarthenshire,1167,7,742,741,1224,508
W00000835,Carmarthenshire 049,Carmarthenshire,232,2,792,636,482,765
W00000836,Carmarthenshire 050,Carmarthenshire,1046,6,846,985,1539,685
W00000837,Carmarthenshire 051,Carmarthenshire,961,6,666,477,627,620
W00000838,Carmarthenshire 052,Carmarthenshire,993,6,1695,534,691,819
W00000839,Carmarthenshire 053,Carmarthenshire,1008,6,944,1415,1,1
W00000840,Carmarthenshire 054,Carmarthenshire,651,4,1245,161,1,1124
W00000841,Carmarthenshire 055,Carmarthenshire,947,5,457,416,481,903
W00000842,Carmarthenshire 056,Carmarthenshire,599,4,1027,1,524,309
W00000843,Carmarthenshire 057,Carmarthenshire,747,4,656,1201,143,871
W00000844,Carmarthenshire 058,Carmarthenshire,1073,6,1518,638,973,1
W00000845,Carmarthenshire 059,Carmarthenshire,1,1,1154,847,1297,190
W00000846,Carmarthenshire 060,Carmarthenshire,1057,6,1522,1034,955,854
W00000847,Carmarthenshire 061,Carmarthenshire,221,2,1338,581,1041,99
W00000848,Carmarthenshire 062,Carmarthenshire,378,2,1366,697,1402,812
W00000849,Carmarthenshire 063,Carmarthenshire,113,1,1171,590,1115,862
W00000850,Carmarthenshire 064,Carmarthenshire,232,2,909,1816,1037,822
W00000851,Carmarthenshire 065,Carmarthenshire,1280,7,925,942,435,962
W00000852,Carmarthenshire 066,Carmarthenshire,1264,7,549,1476,815,423
W00000853,Carmarthenshire 067,Carmarthenshire,1249,7,746,1184,739,821
W00000854,Carmarthenshire 068,Carmarthenshire,1047,6,954,1,423,1296
W00000855,Carmarthenshire 069,Carmarthenshire,797,5,661,252,439,1
W00000856,Carmarthenshire 070,Carmarthenshire,809,5,634,424,824,1024
W00000857,Carmarthenshire 071,Carmarthenshire,1687,9,305,1360,1219,476
W00000858,Carmarthenshire 072,Carmarthenshire,931,5,685,931,1423,1140
W00000859,Carmarthenshire 073,Carmarthenshire,1053,6,695,197,770,1429
W00000860,Carmarthenshire 074,Carmarthenshire,239,2,470,905,475,469
W00000861,Carmarthenshire 075,Carmarthenshire,680,4,358,421,1117,222
W00000862,Carmarthenshire 076,Carmarthenshire,210,2,623,1172,775,627
W00000863,Carmarthenshire 077,Carmarthenshire,867,5,221,1067,995,653
W00000864,Carmarthenshire 078,Carmarthenshire,1252,7,444,1346,908,688
W00000865,Carmarthenshire 079,Carmarthenshire,842,5,811,1386,440,483
W00000866,Carmarthenshire 080,Carmarthenshire,1264,7,635,1246,1495,657
W00000867,Carmarthenshire 081,Carmarthenshire,1122,6,434,1182,925,1077
W00000868,Carmarthenshire 082,Carmarthenshire,591,4,252,1071,65,697
W00000869,Carmarthenshire 083,Carmarthenshire,1226,7,919,1707,1239,536
W00000870,Carmarthenshire 084,Carmarthenshire,860,5,832,153,492,580
W00000871,Carmarthenshire 085,Carmarthenshire,35,1,867,740,214,1044
W00000872,Carmarthenshire 086,Carmarthenshire,1136,6,931,707,1074,1176
W00000873,Ceredigion 001,Ceredigion,1392,8,1077,1391,1640,1085
W00000874,Ceredigion 002,Ceredigion,1909,10,1158,1310,1108,1380
W00000875,Ceredigion 003,Ceredigion,777,5,1152,939,1338,1658
W00000876,Ceredigion 004,Ceredigion,1493,8,659,1909,1384,1020
W00000877,Ceredigion 005,Ceredigion,1347,8,1347,1079,1356,1081
W00000878,Ceredigion 006,Ceredigion,1178,7,1114,827,1341,1510
W00000879,Ceredigion 007,Ceredigion,1454,8,1521,1407,1148,1602
W00000880,Ceredigion 008,Ceredigion,892,5,1056,981,1607,1639
W00000881,Ceredigion 009,Ceredigion,1446,8,1589,1009,1399,1254
W00000882,Ceredigion 010,Ceredigion,1554,9,1268,1172,1454,1615
W00000883,Ceredigion 011,Ceredigion,1099,6,1283,950,588,1372
W00000884,Ceredigion 012,Ceredigion,1482,8,1370,656,1200,501
W00000885,Ceredigion 013,Ceredigion,1710,9,1006,1714,1569,975
W00000886,Ceredigion 014,Ceredigion,960,6,1394,1021,1329,1126
W00000887,Ceredigion 015,Ceredigion,765,5,697,1374,1139,1100
W00000888,Ceredigion 016,Ceredigion,1508,8,1616,1210,1202,1480
W00000889,Ceredigion 017,Ceredigion,892,5,1360,1482,1493,602
W00000890,Ceredigion 018,Ceredigion,1071,6,1062,1332,1437,1838
W00000891,Ceredigion 019,Ceredigion,1151,7,1165,1679,1384,1756
W00000892,Ceredigion 020,Ceredigion,1386,8,987,860,857,1538
W00000893,Ceredigion 021,Ceredigion,1656,9,1799,1578,1631,1091
W00000894,Ceredigion 022,Ceredigion,953,5,1529,1437,1330,1439
W00000895,Ceredigion 023,Ceredigion,1396,8,1646,1727,1455,1604
W00000896,Ceredigion 024,Ceredigion,1454,8,1175,1549,902,1679
W00000897,Ceredigion 025,Ceredigion,941,5,1377,1021,1457,1287
W00000898,Ceredigion 026,Ceredigion,821,5,1413,1109,1551,1300
W00000899,Ceredigion 027,Ceredigion,1418,8,1041,1105,1169,1608
W00000900,Ceredigion 028,Ceredigion,1803,10,1082,1655,681,870
W00000901,Ceredigion 029,Ceredigion,1012,6,934,777,1417,1222
W00000902,Ceredigion 030,Ceredigion,1413,8,1486,1387,1487,1274
W00000903,Ceredigion 031,Ceredigion,943,5,1585,1105,1033,1235
W00000904,Ceredigion 032,Ceredigion,1026,6,1187,1413,1399,976
W00000905,Ceredigion 033,Ceredigion,1153,7,1590,1463,1891,1724
W00000906,Ceredigion 034,Ceredigion,1643,9,925,1552,1284,1101
W00000907,Ceredigion 035,Ceredigion,1350,8,1555,1465,1049,1567
W00000908,Ceredigion 036,Ceredigion,1108,6,1358,1199,1237,1575
W00000909,Powys 001,Powys,1037,6,1875,749,1179,1483
W00000910,Powys 002,Powys,1525,8,1322,1331,1467,1266
W00000911,Powys 003,Powys,1767,10,1576,1638,1074,1321
W00000912,Powys 004,Powys,1259,7,1078,1468,1196,1585
W00000913,Powys 005,Powys,1028,6,1814,1054,1412,1635
W00000914,Powys 006,Powys,1178,7,1580,944,1763,1355
W00000915,Powys 007,Powys,1171,7,1269,1616,1183,1080
W00000916,Powys 008,Powys,1283,7,1032,1909,1188,1649
W00000917,Powys 009,Powys,1412,8,1084,1348,1573,1282
W00000918,Powys 010,Powys,1707,9,1625,1653,1218,961
W00000919,Powys 011,Powys,1165,7,1402,1530,731,1347
W00000920,Powys 012,Powys,1397,8,1275,1776,1470,1821
W00000921,Powys 013,Powys,1285,7,1603,1889,1723,956
W00000922,Powys 014,Powys,1273,7,1256,1511,1545,1047
W00000923,Powys 015,Powys,1370,8,804,1825,1203,1370
W00000924,Powys 016,Powys,1257,7,1659,413,1345,1311
W00000925,Powys 017,Powys,1213,7,1816,1057,1569,1478
W00000926,Powys 018,Powys,1728,10,1169,1108,1662,1503
W00000927,Powys 019,Powys,886,5,1204,1477,1588,1105
W00000928,Powys 020,Powys,475,3,1491,947,775,330
W00000929,Powys 021,Powys,1594,9,1384,1275,1745,1579
W00000930,Powys 022,Powys,1834,10,973,1338,889,1267
W00000931,Powys 023,Powys,1275,7,1519,1365,1527,1603
W00000932,Powys 024,Powys,1909,10,1264,1039,1420,1061
W00000933,Powys 025,Powys,1794,10,1273,1163,1215,1608
W00000934,Powys 026,Powys,1302,7,1176,1899,1105,1362
W00000935,Powys 027,Powys,1545,9,909,1508,1049,1646
W00000936,Powys 028,Powys,1061,6,1537,1714,1595,1440
W00000937,Powys 029,Powys,1280,7,1194,1835,1150,976
W00000938,Powys 030,Powys,1549,9,1135,1036,938,1176
W00000939,Powys 031,Powys,1325,7,1415,1663,1500,1281
W00000940,Powys 032,Powys,1290,7,1487,1769,1385,1181
W00000941,Powys 033,Powys,1052,6,959,1569,1514,1557
W00000942,Powys 034,Powys,1311,7,1729,1190,1622,1336
W00000943,Powys 035,Powys,1167,7,1509,1485,1451,1379
W00000944,Powys 036,Powys,1338,8,1909,1740,1556,1390
W00000945,Powys 037,Powys,1652,9,1489,1358,1263,1320
W00000946,Powys 038,Powys,398,3,1406,1188,1803,1356
W00000947,Powys 039,Powys,993,6,1336,1004,1484,1454
W00000948,Powys 040,Powys,1637,9,1136,1361,960,1602
W00000949,Powys 041,Powys,1505,8,1483,1350,1468,1909
W00000950,Powys 042,Powys,1264,7,1387,991,1102,1385
W00000951,Powys 043,Powys,1681,9,1280,1272,1234,1157
W00000952,Powys 044,Powys,1438,8,945,1772,1160,1609
W00000953,Powys 045,Powys,969,6,1530,1571,1459,992
W00000954,Powys 046,Powys,1424,8,1030,1266,1643,1636
W00000955,Powys 047,Powys,1354,8,1086,1563,1355,514
W00000956,Powys 048,Powys,1584,9,1343,1746,1037,206
W00000957,Powys 049,Powys,1433,8,1428,792,1071,1909
W00000958,Powys 050,Powys,1258,7,1547,1135,754,1288
W00000959,Powys 051,Powys,1270,7,1242,1312,1425,1295
W00000960,Powys 052,Powys,970,6,1481,706,765,1616
W00000961,Powys 053,Powys,1502,8,1334,889,1148,1255
W00000962,Powys 054,Powys,871,5,1150,1565,1756,1199
W00000963,Powys 055,Powys,1576,9,833,1567,1120,1460
W00000964,Powys 056,Powys,1275,7,1706,1061,1528,1249
W00000965,Powys 057,Powys,1302,7,1300,1070,1345,1327
W00000966,Powys 058,Powys,1422,8,1372,1613,1613,971
W00000967,Powys 059,Powys,1610,9,1029,1543,1526,661
W00000968,Powys 060,Powys,1377,8,1223,1099,1734,1114
W00000969,Powys 061,Powys,1108,6,1370,1576,1309,1769
W00000970,Powys 062,Powys,1509,8,761,1175,1189,1522
W00000971,Powys 063,Powys,562,3,1909,1525,1392,1775
W00000972,Powys 064,Powys,1909,10,1585,1663,1387,1299
W00000973,Powys 065,Powys,1207,7,1126,1123,965,1322
W00000974,Powys 066,Powys,844,5,1401,1338,1391,1162
W00000975,Powys 067,Powys,1909,10,1717,939,1416,1131
W00000976,Gwynedd 001,Gwynedd,564,3,491,1130,704,1391
W00000977,Gwynedd 002,Gwynedd,1327,7,1419,593,1121,1238
W00000978,Gwynedd 003,Gwynedd,769,5,686,1622,1032,1240
W00000979,Gwynedd 004,Gwynedd,637,4,533,711,905,464
W00000980,Gwynedd 005,Gwynedd,946,5,372,481,1192,1225
W00000981,Gwynedd 006,Gwynedd,801,5,601,520,815,1243
W00000982,Gwynedd 007,Gwynedd,1302,7,780,467,1046,574
W00000983,Gwynedd 008,Gwynedd,753,4,1403,1295,1007,370
W00000984,Gwynedd 009,Gwynedd,1030,6,1313,792,1437,1539
W00000985,Gwynedd 010,Gwynedd,1582,9,1054,1195,1460,1154
W00000986,Gwynedd 011,Gwynedd,759,4,796,1049,484,884
W00000987,Gwynedd 012,Gwynedd,1366,8,200,1591,1355,740
W00000988,Gwynedd 013,Gwynedd,1156,7,951,1464,1304,311
W00000989,Gwynedd 014,Gwynedd,1173,7,879,984,687,1747
W00000990,Gwynedd 015,Gwynedd,1345,8,696,392,810,1148
W00000991,Gwynedd 016,Gwynedd,1041,6,1378,1280,1300,1099
W00000992,Gwynedd 017,Gwynedd,422,3,883,1393,931,1179
W00000993,Gwynedd 018,Gwynedd,828,5,597,898,1061,651
W00000994,Gwynedd 019,Gwynedd,860,5,628,1417,843,1612
W00000995,Gwynedd 020,Gwynedd,1530,9,922,528,196,278
W00000996,Gwynedd 021,Gwynedd,427,3,1421,998,1090,1
W00000997,Gwynedd 022,Gwynedd,494,3,1253,1069,896,1207
W00000998,Gwynedd 023,Gwynedd,1571,9,874,978,1019,1909
W00000999,Gwynedd 024,Gwynedd,152,1,1183,902,1154,650
W00001000,Gwynedd 025,Gwynedd,931,5,1193,1909,1241,563
W00001001,Gwynedd 026,Gwynedd,788,5,794,199,830,1284
W00001002,Gwynedd 027,Gwynedd,465,3,1308,1153,684,885
W00001003,Gwynedd 028,Gwynedd,1557,9,1200,953,864,984
W00001004,Gwynedd 029,Gwynedd,755,4,230,1803,1006,1131
W00001005,Gwynedd 030,Gwynedd,927,5,698,872,372,1909
W00001006,Gwynedd 031,Gwynedd,480,3,597,765,1414,956
W00001007,Gwynedd 032,Gwynedd,480,3,1378,1255,1144,1276
W00001008,Gwynedd 033,Gwynedd,1859,10,1697,662,1536,1124
W00001009,Gwynedd 034,Gwynedd,1139,6,371,878,656,1327
W00001010,Gwynedd 035,Gwynedd,1357,8,240,940,1354,864
W00001011,Gwynedd 036,Gwynedd,1227,7,1070,1092,852,395
W00001012,Gwynedd 037,Gwynedd,523,3,1192,958,899,756
W00001013,Gwynedd 038,Gwynedd,834,5,1308,809,465,1289
W00001014,Gwynedd 039,Gwynedd,872,5,960,1621,942,1081
W00001015,Gwynedd 040,Gwynedd,502,3,874,1204,388,1041
W00001016,Gwynedd 041,Gwynedd,988,6,964,1383,1070,1624
W00001017,Gwynedd 042,Gwynedd,572,3,996,985,563,1386
W00001018,Gwynedd 043,Gwynedd,1833,10,944,1161,980,624
W00001019,Gwynedd 044,Gwynedd,258,2,708,368,1565,897
W00001020,Gwynedd 045,Gwynedd,818,5,1254,481,673,981
W00001021,Gwynedd 046,Gwynedd,1340,8,1121,1053,978,1132
W00001022,Gwynedd 047,Gwynedd,1026,6,597,969,562,986
W00001023,Gwynedd 048,Gwynedd,767,5,1818,933,443,888
W00001024,Gwynedd 049,Gwynedd,1147,7,1522,703,378,1322
W00001025,Gwynedd 050,Gwynedd,425,3,800,842,924,1264
W00001026,Gwynedd 051,Gwynedd,690,4,856,944,1004,994
W00001027,Gwynedd 052,Gwynedd,1115,6,1238,1114,1113,228
W00001028,Gwynedd 053,Gwynedd,969,6,1113,1254,700,649
W00001029,Gwynedd 054,Gwynedd,731,4,1133,1382,802,1364
W00001030,Gwynedd 055,Gwynedd,996,6,907,861,1219,1098
W00001031,Gwynedd 056,Gwynedd,1814,10,658,1166,758,553
W00001032,Gwynedd 057,Gwynedd,945,5,996,1909,883,434
W00001033,Gwynedd 058,Gwynedd,1053,6,240,911,955,1312
W00001034,Gwynedd 059,Gwynedd,1319,7,777,887,673,435
W00001035,Gwynedd 060,Gwynedd,1067,6,514,776,590,1200
W00001036,Anglesey 001,Anglesey,1484,8,354,25,754,807
W00001037,Anglesey 002,Anglesey,883,5,647,716,932,1274
W00001038,Anglesey 003,Anglesey,57,1,673,889,468,1589
W00001039,Anglesey 004,Anglesey,558,3,785,1032,586,1
W00001040,Anglesey 005,Anglesey,637,4,1152,659,494,1222
W00001041,Anglesey 006,Anglesey,674,4,625,862,1078,1886
W00001042,Anglesey 007,Anglesey,1114,6,1196,588,429,828
W00001043,Anglesey 008,Anglesey,840,5,431,726,944,964
W00001044,Anglesey 009,Anglesey,991,6,899,588,614,253
W00001045,Anglesey 010,Anglesey,1478,8,804,706,464,1909
W00001046,Anglesey 011,Anglesey,392,3,653,973,1016,1236
W00001047,Anglesey 012,Anglesey,1486,8,973,358,707,940
W00001048,Anglesey 013,Anglesey,1585,9,321,1302,864,1182
W00001049,Anglesey 014,Anglesey,761,4,511,1113,1036,1243
W00001050,Anglesey 015,Anglesey,794,5,594,148,1095,993
W00001051,Anglesey 016,Anglesey,433,3,615,604,264,427
W00001052,Anglesey 017,Anglesey,369,2,658,491,212,1722
W00001053,Anglesey 018,Anglesey,1275,7,533,913,950,1343
W00001054,Anglesey 019,Anglesey,488,3,1173,570,317,1130
W00001055,Anglesey 020,Anglesey,1290,7,1685,298,1052,613
W00001056,Anglesey 021,Anglesey,1097,6,297,272,519,836
W00001057,Anglesey 022,Anglesey,556,3,1025,1229,1016,1538
W00001058,Anglesey 023,Anglesey,958,6,383,1369,581,1215
W00001059,Anglesey 024,Anglesey,1398,8,956,174,468,1403
W00001060,Anglesey 025,Anglesey,735,4,827,1117,1051,927
W00001061,Anglesey 026,Anglesey,720,4,693,1158,999,682
W00001062,Anglesey 027,Anglesey,1211,7,755,444,526,353
W00001063,Anglesey 028,Anglesey,696,4,1221,463,868,500
W00001064,Anglesey 029,Anglesey,701,4,283,707,730,1046
W00001065,Anglesey 030,Anglesey,884,5,390,1253,875,890
W00001066,Anglesey 031,Anglesey,796,5,622,891,971,3
W00001067,Anglesey 032,Anglesey,595,4,712,907,1230,448
W00001068,Anglesey 033,Anglesey,610,4,624,464,674,1151
W00001069,Anglesey 034,Anglesey,399,3,946,88,597,649
W00001070,Anglesey 035,Anglesey,1436,8,706,1,78,815
W00001071,Conwy 001,Conwy,1133,6,1028,970,1319,653
W00001072,Conwy 002,Conwy,1240,7,341,521,247,774
W00001073,Conwy 003,Conwy,882,5,939,925,565,813
W00001074,Conwy 004,Conwy,330,2,1366,773,723,1624
W00001075,Conwy 005,Conwy,427,3,515,441,875,1096
W00001076,Conwy 006,Conwy,1181,7,1779,1,1119,645
W00001077,Conwy 007,Conwy,677,4,688,520,1508,1284
W00001078,Conwy 008,Conwy,908,5,1362,267,419,1
W00001079,Conwy 009,Conwy,634,4,955,942,953,256
W00001080,Conwy 010,Conwy,1205,7,981,1206,216,1042
W00001081,Conwy 011,Conwy,448,3,764,1123,932,511
W00001082,Conwy 012,Conwy,902,5,376,1380,825,1410
W00001083,Conwy 013,Conwy,699,4,720,580,1216,576
W00001084,Conwy 014,Conwy,1144,6,769,74,694,362
W00001085,Conwy 015,Conwy,912,5,492,1287,867,819
W00001086,Conwy 016,Conwy,1149,7,1229,891,621,91
W00001087,Conwy 017,Conwy,639,4,688,944,775,1213
W00001088,Conwy 018,Conwy,667,4,880,1394,1023,872
W00001089,Conwy 019,Conwy,671,4,683,544,704,1244
W00001090,Conwy 020,Conwy,815,5,438,1639,1015,258
W00001091,Conwy 021,Conwy,732,4,937,1612,499,1345
W00001092,Conwy 022,Conwy,1431,8,685,783,525,807
W00001093,Conwy 023,Conwy,886,5,1125,1355,629,2
W00001094,Conwy 024,Conwy,891,5,1000,1004,782,956
W00001095,Conwy 025,Conwy,1475,8,1030,743,719,822
W00001096,Conwy 026,Conwy,1521,8,837,891,725,1401
W00001097,Conwy 027,Conwy,1644,9,1054,934,913,1
W00001098,Conwy 028,Conwy,1183,7,945,1079,643,724
W00001099,Conwy 029,Conwy,743,4,1249,741,1651,1096
W00001100,Conwy 030,Conwy,415,3,856,627,107,1629
W00001101,Conwy 031,Conwy,1167,7,1082,969,401,679
W00001102,Conwy 032,Conwy,1219,7,540,1,818,835
W00001103,Conwy 033,Conwy,951,5,1149,1166,993,1445
W00001104,Conwy 034,Conwy,322,2,1072,1161,452,214
W00001105,Conwy 035,Conwy,616,4,673,1214,678,509
W00001106,Conwy 036,Conwy,667,4,1282,905,835,849
W00001107,Conwy 037,Conwy,1390,8,643,1449,975,826
W00001108,Conwy 038,Conwy,1850,10,538,752,455,1334
W00001109,Conwy 039,Conwy,1541,9,1471,1411,828,733
W00001110,Conwy 040,Conwy,264,2,1596,1096,722,1505
W00001111,Conwy 041,Conwy,530,3,1039,827,1130,871
W00001112,Conwy 042,Conwy,348,2,925,1338,889,1253
W00001113,Conwy 043,Conwy,502,3,891,638,1169,914
W00001114,Conwy 044,Conwy,1162,7,1271,1189,998,444
W00001115,Conwy 045,Conwy,898,5,717,756,764,453
W00001116,Conwy 046,Conwy,156,1,671,980,413,907
W00001117,Conwy 047,Conwy,1622,9,1249,1587,1041,1432
W00001118,Conwy 048,Conwy,624,4,679,1,1328,1602
W00001119,Conwy 049,Conwy,689,4,813,584,1038,1412
W00001120,Conwy 050,Conwy,237,2,1040,784,940,1109
W00001121,Conwy 051,Conwy,828,5,864,810,1250,1090
W00001122,Conwy 052,Conwy,983,6,465,741,1224,917
W00001123,Conwy 053,Conwy,1150,7,1504,1334,933,666
W00001124,Conwy 054,Conwy,1,1,842,763,1040,829
W00001125,Denbighshire 001,Denbighshire,578,4,91,307,872,1482
W00001126,Denbighshire 002,Denbighshire,662,4,812,1098,407,867
W00001127,Denbighshire 003,Denbighshire,418,3,995,763,807,343
W00001128,Denbighshire 004,Denbighshire,968,6,1412,278,577,805
W00001129,Denbighshire 005,Denbighshire,998,6,508,1,1190,1046
W00001130,Denbighshire 006,Denbighshire,37,1,492,1355,1222,1128
W00001131,Denbighshire 007,Denbighshire,633,4,728,645,1107,300
W00001132,Denbighshire 008,Denbighshire,393,3,1045,681,1197,393
W00001133,Denbighshire 009,Denbighshire,679,4,384,703,166,477
W00001134,Denbighshire 010,Denbighshire,154,1,937,999,75,1308
W00001135,Denbighshire 011,Denbighshire,1649,9,715,432,1719,98
W00001136,Denbighshire 012,Denbighshire,707,4,761,1262,829,472
W00001137,Denbighshire 013,Denbighshire,338,2,583,279,717,442
W00001138,Denbighshire 014,Denbighshire,132,1,1129,491,242,623
W00001139,Denbighshire 015,Denbighshire,725,4,102,838,321,1480
W00001140,Denbighshire 016,Denbighshire,899,5,563,388,662,979
W00001141,Denbighshire 017,Denbighshire,690,4,625,724,482,543
W00001142,Denbighshire 018,Denbighshire,1,1,1033,824,420,1565
W00001143,Denbighshire 019,Denbighshire,733,4,345,1058,843,879
W00001144,Denbighshire 020,Denbighshire,538,3,854,590,900,1
W00001145,Denbighshire 021,Denbighshire,535,3,1288,379,482,495
W00001146,Denbighshire 022,Denbighshire,238,2,1,603,749,676
W00001147,Denbighshire 023,Denbighshire,644,4,714,1127,631,438
W00001148,Denbighshire 024,Denbighshire,593,4,898,1290,473,745
W00001149,Denbighshire 025,Denbighshire,828,5,360,708,170,1
W00001150,Denbighshire 026,Denbighshire,839,5,568,784,693,254
W00001151,Denbighshire 027,Denbighshire,682,4,278,1281,210,610
W00001152,Denbighshire 028,Denbighshire,303,2,895,561,512,1089
W00001153,Denbighshire 029,Denbighshire,711,4,876,289,192,748
W00001154,Denbighshire 030,Denbighshire,578,4,914,666,774,1
W00001155,Denbighshire 031,Denbighshire,1417,8,643,991,398,840
W00001156,Denbighshire 032,Denbighshire,204,2,854,551,710,1018
W00001157,Denbighshire 033,Denbighshire,231,2,465,891,1457,637
W00001158,Denbighshire 034,Denbighshire,924,5,663,1511,69,743
W00001159,Denbighshire 035,Denbighshire,82,1,1,824,750,570
W00001160,Denbighshire 036,Denbighshire,659,4,1759,592,884,403
W00001161,Denbighshire 037,Denbighshire,812,5,618,528,1356,1236
W00001162,Denbighshire 038,Denbighshire,751,4,1,549,1675,594
W00001163,Denbighshire 039,Denbighshire,1119,6,1193,791,396,1
W00001164,Denbighshire 040,Denbighshire,959,6,421,773,248,579
W00001165,Denbighshire 041,Denbighshire,712,4,791,234,1132,427
W00001166,Denbighshire 042,Denbighshire,63,1,662,714,757,1321
W00001167,Denbighshire 043,Denbighshire,610,4,659,238,996,784
W00001168,Denbighshire 044,Denbighshire,540,3,48,1303,256,430
W00001169,Flintshire 001,Flintshire,986,6,440,225,83,1178
W00001170,Flintshire 002,Flintshire,642,4,1851,434,517,592
W00001171,Flintshire 003,Flintshire,942,5,689,1105,496,219
W00001172,Flintshire 004,Flintshire,166,1,89,633,741,562
W00001173,Flintshire 005,Flintshire,1322,7,1269,710,202,591
W00001174,Flintshire 006,Flintshire,622,4,625,558,614,673
W00001175,Flintshire 007,Flintshire,608,4,921,1000,521,1429
W00001176,Flintshire 008,Flintshire,477,3,296,1009,554,996
W00001177,Flintshire 009,Flintshire,1,1,1326,1131,308,175
W00001178,Flintshire 010,Flintshire,1485,8,597,501,31,690
W00001179,Flintshire 011,Flintshire,763,4,1094,265,301,1055
W00001180,Flintshire 012,Flintshire,1232,7,312,1302,863,1347
W00001181,Flintshire 013,Flintshire,823,5,1,786,1232,442
W00001182,Flintshire 014,Flintshire,702,4,789,1,1453,438
W00001183,Flintshire 015,Flintshire,1042,6,820,1375,996,742
W00001184,Flintshire 016,Flintshire,510,3,1122,66,1083,348
W00001185,Flintshire 017,Flintshire,1325,7,905,1119,879,50
W00001186,Flintshire 018,Flintshire,522,3,1079,919,1276,1033
W00001187,Flintshire 019,Flintshire,482,3,577,893,14,1613
W00001188,Flintshire 020,Flintshire,1017,6,1269,189,1299,1867
W00001189,Flintshire 021,Flintshire,348,2,1113,850,292,1074
W00001190,Flintshire 022,Flintshire,1166,7,644,1337,248,168
W00001191,Flintshire 023,Flintshire,901,5,858,550,1142,1092
W00001192,Flintshire 024,Flintshire,1176,7,807,1101,689,1786
W00001193,Flintshire 025,Flintshire,541,3,1570,864,353,1473
W00001194,Flintshire 026,Flintshire,897,5,1141,1361,972,579
W00001195,Flintshire 027,Flintshire,1220,7,850,1136,72,1053
W00001196,Flintshire 028,Flintshire,607,4,1415,1110,936,1071
W00001197,Flintshire 029,Flintshire,470,3,1405,1682,991,1575
W00001198,Flintshire 030,Flintshire,633,4,577,867,1007,670
W00001199,Flintshire 031,Flintshire,1054,6,954,432,1037,1243
W00001200,Flintshire 032,Flintshire,915,5,1244,341,1018,316
W00001201,Flintshire 033,Flintshire,426,3,634,456,652,752
W00001202,Flintshire 034,Flintshire,1168,7,740,187,1261,468
W00001203,Flintshire 035,Flintshire,827,5,1002,933,1244,1068
W00001204,Flintshire 036,Flintshire,522,3,1595,931,796,1289
W00001205,Flintshire 037,Flintshire,944,5,986,1891,750,705
W00001206,Flintshire 038,Flintshire,894,5,1216,220,140,582
W00001207,Flintshire 039,Flintshire,229,2,704,1060,528,199
W00001208,Flintshire 040,Flintshire,876,5,1144,141,1146,1222
W00001209,Flintshire 041,Flintshire,1212,7,1266,1770,721,899
W00001210,Flintshire 042,Flintshire,691,4,850,1490,364,457
W00001211,Flintshire 043,Flintshire,1373,8,1198,698,1158,1005
W00001212,Flintshire 044,Flintshire,1420,8,875,1278,1803,1122
W00001213,Flintshire 045,Flintshire,868,5,1097,697,1712,932
W00001214,Flintshire 046,Flintshire,746,4,564,1308,1163,623
W00001215,Flintshire 047,Flintshire,1069,6,334,927,1013,1628
W00001216,Flintshire 048,Flintshire,557,3,412,475,367,1459
W00001217,Flintshire 049,Flintshire,1438,8,959,1360,898,806
W00001218,Flintshire 050,Flintshire,723,4,743,203,945,831
W00001219,Flintshire 051,Flintshire,1133,6,881,781,535,882
W00001220,Flintshire 052,Flintshire,1130,6,458,886,934,522
W00001221,Flintshire 053,Flintshire,626,4,928,376,976,441
W00001222,Flintshire 054,Flintshire,1253,7,1649,490,1042,518
W00001223,Flintshire 055,Flintshire,1245,7,417,1050,534,755
W00001224,Flintshire 056,Flintshire,458,3,1131,500,1049,693
W00001225,Flintshire 057,Flintshire,806,5,900,531,925,1547
W00001226,Flintshire 058,Flintshire,554,3,1250,1476,555,186
W00001227,Flintshire 059,Flintshire,964,6,662,1631,862,484
W00001228,Flintshire 060,Flintshire,414,3,1222,611,865,1285
W00001229,Flintshire 061,Flintshire,665,4,834,843,1096,1119
W00001230,Flintshire 062,Flintshire,766,5,871,694,316,967
W00001231,Flintshire 063,Flintshire,1569,9,547,526,535,1180
W00001232,Flintshire 064,Flintshire,1020,6,795,466,883,136
W00001233,Wrexham 001,Wrexham,704,4,948,126,96,1370
W00001234,Wrexham 002,Wrexham,417,3,1038,585,591,849
W00001235,Wrexham 003,Wrexham,314,2,695,490,173,803
W00001236,Wrexham 004,Wrexham,549,3,596,144,1224,1049
W00001237,Wrexham 005,Wrexham,1016,6,545,1,1355,622
W00001238,Wrexham 006,Wrexham,365,2,792,1137,641,1233
W00001239,Wrexham 007,Wrexham,1061,6,281,368,995,1
W00001240,Wrexham 008,Wrexham,593,4,160,450,542,486
W00001241,Wrexham 009,Wrexham,440,3,274,1608,1324,120
W00001242,Wrexham 010,Wrexham,1251,7,513,704,627,349
W00001243,Wrexham 011,Wrexham,1023,6,693,450,179,242
W00001244,Wrexham 012,Wrexham,26,1,654,149,554,1274
W00001245,Wrexham 013,Wrexham,1105,6,638,613,1328,887
W00001246,Wrexham 014,Wrexham,525,3,162,814,949,361
W00001247,Wrexham 015,Wrexham,760,4,525,573,1,548
W00001248,Wrexham 016,Wrexham,1018,6,434,671,377,814
W00001249,Wrexham 017,Wrexham,567,3,328,1207,985,374
W00001250,Wrexham 018,Wrexham,839,5,833,918,38,1109
W00001251,Wrexham 019,Wrexham,433,3,527,1752,758,473
W00001252,Wrexham 020,Wrexham,1,1,1125,87,287,498
W00001253,Wrexham 021,Wrexham,1188,7,914,584,761,376
W00001254,Wrexham 022,Wrexham,703,4,675,1054,999,875
W00001255,Wrexham 023,Wrexham,512,3,903,611,259,466
W00001256,Wrexham 024,Wrexham,682,4,961,573,213,675
W00001257,Wrexham 025,Wrexham,693,4,713,1034,1017,379
W00001258,Wrexham 026,Wrexham,415,3,294,942,1173,506
W00001259,Wrexham 027,Wrexham,558,3,1151,861,807,106
W00001260,Wrexham 028,Wrexham,907,5,332,175,524,382
W00001261,Wrexham 029,Wrexham,565,3,157,1050,1057,1
W00001262,Wrexham 030,Wrexham,1021,6,372,1008,625,663
W00001263,Wrexham 031,Wrexham,579,4,1064,131,869,1152
W00001264,Wrexham 032,Wrexham,922,5,1445,428,995,601
W00001265,Wrexham 033,Wrexham,1118,6,647,487,1121,425
W00001266,Wrexham 034,Wrexham,113,1,473,908,1152,700
W00001267,Wrexham 035,Wrexham,1150,7,185,464,545,597
W00001268,Wrexham 036,Wrexham,681,4,886,464,700,629
W00001269,Wrexham 037,Wrexham,298,2,611,589,590,664
W00001270,Wrexham 038,Wrexham,678,4,502,1181,227,321
W00001271,Wrexham 039,Wrexham,1706,9,295,84,915,1
W00001272,Wrexham 040,Wrexham,560,3,1383,4,1,1
W00001273,Wrexham 041,Wrexham,991,6,1034,435,896,1283
W00001274,Wrexham 042,Wrexham,1329,7,565,1,353,455
W00001275,Wrexham 043,Wrexham,551,3,585,1117,1110,571
W00001276,Wrexham 044,Wrexham,1067,6,772,676,977,682
W00001277,Wrexham 045,Wrexham,1431,8,158,434,604,850
W00001278,Wrexham 046,Wrexham,1131,6,641,55,954,994
W00001279,Wrexham 047,Wrexham,1,1,648,1,410,238
W00001280,Wrexham 048,Wrexham,957,6,689,112,967,1
W00001281,Wrexham 049,Wrexham,775,5,371,497,832,887
W00001282,Wrexham 050,Wrexham,1158,7,621,778,491,732
W00001283,Wrexham 051,Wrexham,817,5,616,1,769,816
W00001284,Wrexham 052,Wrexham,391,3,210,1266,827,545
W00001285,Wrexham 053,Wrexham,217,2,368,1194,699,398
W00001286,Wrexham 054,Wrexham,843,5,371,1277,1138,437
W00001287,Wrexham 055,Wrexham,411,3,1,30,166,711
W00001288,Wrexham 056,Wrexham,526,3,189,532,832,890
W00001289,Wrexham 057,Wrexham,1,1,606,71,975,1007
W00001290,Wrexham 058,Wrexham,308,2,388,457,1,803
